Season,Gamecode,NUM_ANOT,TEAM,ID_PLAYER,PLAYER,ID_ACTION,ACTION,POINTS,COORD_X,COORD_Y,ZONE,FASTBREAK,SECOND_CHANCE,POINTS_OFF_TURNOVER,MINUTE,CONSOLE,POINTS_A,POINTS_B,UTC,gameCode,date,home_team,away_team
2024,1,62,PAN,P012774,"NUNN, KENDRICK",2FGM,Two Pointer,2,56,338,E,0,0,1,2,08:38,0,4,20241003164822,1,"Oct 03, 2024",ALBA BERLIN,PANATHINAIKOS AKTOR ATHENS
2024,1,115,PAN,P012774,"NUNN, KENDRICK",FTM,Free Throw In,1,-1,-1, ,0,0,0,6,04:38,5,12,20241003165711,1,"Oct 03, 2024",ALBA BERLIN,PANATHINAIKOS AKTOR ATHENS
2024,1,116,PAN,P012774,"NUNN, KENDRICK",FTM,Free Throw In,1,-1,-1, ,0,0,0,6,04:38,5,13,20241003165723,1,"Oct 03, 2024",ALBA BERLIN,PANATHINAIKOS AKTOR ATHENS
2024,1,139,PAN,P012774,"NUNN, KENDRICK",3FGA,Missed Three Pointer,0,690,207,I,0,0,0,8,02:44,7,19,20241003170016,1,"Oct 03, 2024",ALBA BERLIN,PANATHINAIKOS AKTOR ATHENS
2024,1,207,PAN,P012774,"NUNN, KENDRICK",3FGA,Missed Three Pointer,0,-244,671,H,0,0,0,14,06:16,25,35,20241003171117,1,"Oct 03, 2024",ALBA BERLIN,PANATHINAIKOS AKTOR ATHENS
2024,1,269,PAN,P012774,"NUNN, KENDRICK",2FGA,Missed Two Pointer,0,200,414,G,0,0,0,19,01:29,32,42,20241003172130,1,"Oct 03, 2024",ALBA BERLIN,PANATHINAIKOS AKTOR ATHENS
2024,1,274,PAN,P012774,"NUNN, KENDRICK",3FGM,Three Pointer,3,213,715,I,0,0,0,20,00:54,34,45,20241003172204,1,"Oct 03, 2024",ALBA BERLIN,PANATHINAIKOS AKTOR ATHENS
2024,1,277,PAN,P012774,"NUNN, KENDRICK",2FGA,Missed Two Pointer,0,25,119,C,0,0,0,20,00:33,34,45,20241003172228,1,"Oct 03, 2024",ALBA BERLIN,PANATHINAIKOS AKTOR ATHENS
2024,1,304,PAN,P012774,"NUNN, KENDRICK",2FGA,Missed Two Pointer,0,150,307,E,0,0,0,21,09:21,38,45,20241003173951,1,"Oct 03, 2024",ALBA BERLIN,PANATHINAIKOS AKTOR ATHENS
2024,1,345,PAN,P012774,"NUNN, KENDRICK",FTM,Free Throw In,1,-1,-1, ,0,0,0,24,06:21,42,50,20241003174838,1,"Oct 03, 2024",ALBA BERLIN,PANATHINAIKOS AKTOR ATHENS
2024,1,346,PAN,P012774,"NUNN, KENDRICK",FTM,Free Throw In,1,-1,-1, ,0,0,0,24,06:21,42,51,20241003174846,1,"Oct 03, 2024",ALBA BERLIN,PANATHINAIKOS AKTOR ATHENS
2024,1,368,PAN,P012774,"NUNN, KENDRICK",2FGA,Missed Two Pointer,0,81,106,C,0,0,0,26,04:51,45,51,20241003175114,1,"Oct 03, 2024",ALBA BERLIN,PANATHINAIKOS AKTOR ATHENS
2024,1,381,PAN,P012774,"NUNN, KENDRICK",2FGM,Two Pointer,2,0,106,B,0,0,1,27,03:30,47,55,20241003175239,1,"Oct 03, 2024",ALBA BERLIN,PANATHINAIKOS AKTOR ATHENS
2024,1,393,PAN,P012774,"NUNN, KENDRICK",FTM,Free Throw In,1,-1,-1, ,0,0,1,27,03:30,47,56,20241003175503,1,"Oct 03, 2024",ALBA BERLIN,PANATHINAIKOS AKTOR ATHENS
2024,1,421,PAN,P012774,"NUNN, KENDRICK",3FGA,Missed Three Pointer,0,-545,470,H,0,0,0,30,00:59,54,59,20241003175855,1,"Oct 03, 2024",ALBA BERLIN,PANATHINAIKOS AKTOR ATHENS
2024,1,436,PAN,P012774,"NUNN, KENDRICK",2FGM,Two Pointer,2,-6,376,D,0,0,0,31,09:40,57,64,20241003180311,1,"Oct 03, 2024",ALBA BERLIN,PANATHINAIKOS AKTOR ATHENS
2024,1,439,PAN,P012774,"NUNN, KENDRICK",2FGM,Two Pointer,2,401,37,E,0,0,0,31,09:03,57,66,20241003180348,1,"Oct 03, 2024",ALBA BERLIN,PANATHINAIKOS AKTOR ATHENS
2024,1,473,PAN,P012774,"NUNN, KENDRICK",2FGA,Missed Two Pointer,0,12,138,C,0,0,0,35,05:36,63,73,20241003181035,1,"Oct 03, 2024",ALBA BERLIN,PANATHINAIKOS AKTOR ATHENS
2024,1,486,PAN,P012774,"NUNN, KENDRICK",3FGA,Missed Three Pointer,0,-169,708,H,0,0,0,36,04:52,66,73,20241003181152,1,"Oct 03, 2024",ALBA BERLIN,PANATHINAIKOS AKTOR ATHENS
2024,14,46,PAN,P012774,"NUNN, KENDRICK",3FGM,Three Pointer,3,-75,740,H,0,0,0,3,07:59,5,0,20241010181934,14,"Oct 10, 2024",PANATHINAIKOS AKTOR ATHENS,FC BAYERN MUNICH
2024,14,69,PAN,P012774,"NUNN, KENDRICK",2FGA,Missed Two Pointer,0,87,112,C,0,0,0,5,05:39,10,5,20241010182541,14,"Oct 10, 2024",PANATHINAIKOS AKTOR ATHENS,FC BAYERN MUNICH
2024,14,73,PAN,P012774,"NUNN, KENDRICK",2FGM,Two Pointer,2,-69,345,D,0,0,0,5,05:05,12,5,20241010182615,14,"Oct 10, 2024",PANATHINAIKOS AKTOR ATHENS,FC BAYERN MUNICH
2024,14,93,PAN,P012774,"NUNN, KENDRICK",2FGM,Two Pointer,2,-25,319,D,0,0,0,7,03:43,16,8,20241010182815,14,"Oct 10, 2024",PANATHINAIKOS AKTOR ATHENS,FC BAYERN MUNICH
2024,14,115,PAN,P012774,"NUNN, KENDRICK",3FGM,Three Pointer,3,414,577,I,0,0,0,9,01:58,23,10,20241010183046,14,"Oct 10, 2024",PANATHINAIKOS AKTOR ATHENS,FC BAYERN MUNICH
2024,14,126,PAN,P012774,"NUNN, KENDRICK",2FGA,Missed Two Pointer,0,219,37,C,0,0,0,9,01:18,23,10,20241010183207,14,"Oct 10, 2024",PANATHINAIKOS AKTOR ATHENS,FC BAYERN MUNICH
2024,14,138,PAN,P012774,"NUNN, KENDRICK",2FGA,Missed Two Pointer,0,100,181,C,0,0,0,10,00:09,25,13,20241010183317,14,"Oct 10, 2024",PANATHINAIKOS AKTOR ATHENS,FC BAYERN MUNICH
2024,14,262,PAN,P012774,"NUNN, KENDRICK",2FGA,Missed Two Pointer,0,-12,163,B,0,0,0,17,03:13,40,24,20241010185117,14,"Oct 10, 2024",PANATHINAIKOS AKTOR ATHENS,FC BAYERN MUNICH
2024,14,272,PAN,P012774,"NUNN, KENDRICK",2FGM,Two Pointer,2,-238,388,F,0,0,0,18,02:28,43,26,20241010185309,14,"Oct 10, 2024",PANATHINAIKOS AKTOR ATHENS,FC BAYERN MUNICH
2024,14,336,PAN,P012774,"NUNN, KENDRICK",FTM,Free Throw In,1,-1,-1, ,0,0,0,22,08:45,48,34,20241010191727,14,"Oct 10, 2024",PANATHINAIKOS AKTOR ATHENS,FC BAYERN MUNICH
2024,14,337,PAN,P012774,"NUNN, KENDRICK",FTM,Free Throw In,1,-1,-1, ,0,0,0,22,08:45,49,34,20241010191734,14,"Oct 10, 2024",PANATHINAIKOS AKTOR ATHENS,FC BAYERN MUNICH
2024,14,471,PAN,P012774,"NUNN, KENDRICK",3FGA,Missed Three Pointer,0,-677,144,H,0,0,0,32,08:27,66,60,20241010194149,14,"Oct 10, 2024",PANATHINAIKOS AKTOR ATHENS,FC BAYERN MUNICH
2024,14,580,PAN,P012774,"NUNN, KENDRICK",3FGA,Missed Three Pointer,0,470,646,I,0,0,0,39,01:43,87,75,20241010195926,14,"Oct 10, 2024",PANATHINAIKOS AKTOR ATHENS,FC BAYERN MUNICH
2024,14,582,PAN,P012774,"NUNN, KENDRICK",3FGA,Missed Three Pointer,0,294,683,I,0,0,0,39,01:38,87,75,20241010195931,14,"Oct 10, 2024",PANATHINAIKOS AKTOR ATHENS,FC BAYERN MUNICH
2024,14,589,PAN,P012774,"NUNN, KENDRICK",3FGM,Three Pointer,3,690,-50,I,0,1,0,40,00:58,90,75,20241010200011,14,"Oct 10, 2024",PANATHINAIKOS AKTOR ATHENS,FC BAYERN MUNICH
2024,23,4,PAN,P012774,"NUNN, KENDRICK",2FGA,Missed Two Pointer,0,43,225,E,0,0,0,1,09:45,0,0,20241015183153,23,"Oct 15, 2024",PARIS BASKETBALL,PANATHINAIKOS AKTOR ATHENS
2024,23,167,PAN,P012774,"NUNN, KENDRICK",3FGA,Missed Three Pointer,0,520,595,I,0,0,0,13,07:56,27,21,20241015185459,23,"Oct 15, 2024",PARIS BASKETBALL,PANATHINAIKOS AKTOR ATHENS
2024,23,189,PAN,P012774,"NUNN, KENDRICK",2FGA,Missed Two Pointer,0,100,238,E,0,0,0,14,06:13,31,25,20241015185804,23,"Oct 15, 2024",PARIS BASKETBALL,PANATHINAIKOS AKTOR ATHENS
2024,23,196,PAN,P012774,"NUNN, KENDRICK",2FGA,Missed Two Pointer,0,43,188,C,0,0,0,15,05:50,34,25,20241015185827,23,"Oct 15, 2024",PARIS BASKETBALL,PANATHINAIKOS AKTOR ATHENS
2024,23,310,PAN,P012774,"NUNN, KENDRICK",2FGM,Two Pointer,2,432,150,G,0,0,0,20,00:20,45,39,20241015191659,23,"Oct 15, 2024",PARIS BASKETBALL,PANATHINAIKOS AKTOR ATHENS
2024,23,319,PAN,P012774,"NUNN, KENDRICK",2FGM,Two Pointer,2,-75,181,B,1,0,0,21,09:36,45,41,20241015193259,23,"Oct 15, 2024",PARIS BASKETBALL,PANATHINAIKOS AKTOR ATHENS
2024,23,332,PAN,P012774,"NUNN, KENDRICK",2FGA,Missed Two Pointer,0,-18,200,B,0,0,0,22,08:15,47,43,20241015193559,23,"Oct 15, 2024",PARIS BASKETBALL,PANATHINAIKOS AKTOR ATHENS
2024,23,429,PAN,P012774,"NUNN, KENDRICK",3FGM,Three Pointer,3,621,414,I,0,0,0,28,02:14,62,53,20241015194913,23,"Oct 15, 2024",PARIS BASKETBALL,PANATHINAIKOS AKTOR ATHENS
2024,23,444,PAN,P012774,"NUNN, KENDRICK",FTM,Free Throw In,1,-1,-1, ,0,0,0,29,01:45,64,54,20241015195153,23,"Oct 15, 2024",PARIS BASKETBALL,PANATHINAIKOS AKTOR ATHENS
2024,23,445,PAN,P012774,"NUNN, KENDRICK",FTM,Free Throw In,1,-1,-1, ,0,0,0,29,01:45,64,55,20241015195206,23,"Oct 15, 2024",PARIS BASKETBALL,PANATHINAIKOS AKTOR ATHENS
2024,23,475,PAN,P012774,"NUNN, KENDRICK",2FGM,Two Pointer,2,75,169,C,0,0,0,31,09:12,69,63,20241015195800,23,"Oct 15, 2024",PARIS BASKETBALL,PANATHINAIKOS AKTOR ATHENS
2024,23,490,PAN,P012774,"NUNN, KENDRICK",3FGA,Missed Three Pointer,0,-558,526,H,0,0,0,32,08:10,73,64,20241015200038,23,"Oct 15, 2024",PARIS BASKETBALL,PANATHINAIKOS AKTOR ATHENS
2024,23,504,PAN,P012774,"NUNN, KENDRICK",2FGA,Missed Two Pointer,0,-56,219,B,0,0,0,33,07:07,73,66,20241015200237,23,"Oct 15, 2024",PARIS BASKETBALL,PANATHINAIKOS AKTOR ATHENS
2024,23,561,PAN,P012774,"NUNN, KENDRICK",3FGA,Missed Three Pointer,0,589,508,I,0,0,0,36,04:56,75,68,20241015201249,23,"Oct 15, 2024",PARIS BASKETBALL,PANATHINAIKOS AKTOR ATHENS
2024,23,597,PAN,P012774,"NUNN, KENDRICK",3FGA,Missed Three Pointer,0,583,470,I,0,0,0,38,02:48,78,68,20241015202400,23,"Oct 15, 2024",PARIS BASKETBALL,PANATHINAIKOS AKTOR ATHENS
2024,23,610,PAN,P012774,"NUNN, KENDRICK",2FGM,Two Pointer,2,-150,501,F,0,0,0,39,01:52,80,70,20241015202545,23,"Oct 15, 2024",PARIS BASKETBALL,PANATHINAIKOS AKTOR ATHENS
2024,23,635,PAN,P012774,"NUNN, KENDRICK",3FGM,Three Pointer,3,-457,595,H,1,0,0,40,00:15,81,76,20241015203206,23,"Oct 15, 2024",PARIS BASKETBALL,PANATHINAIKOS AKTOR ATHENS
2024,23,659,PAN,P012774,"NUNN, KENDRICK",3FGA,Missed Three Pointer,0,-338,922,H,0,0,0,40,00:03,84,80,20241015204010,23,"Oct 15, 2024",PARIS BASKETBALL,PANATHINAIKOS AKTOR ATHENS
2024,31,71,PAN,P012774,"NUNN, KENDRICK",2FGM,Two Pointer,2,-131,69,B,1,0,0,5,05:19,19,7,20241017185245,31,"Oct 17, 2024",REAL MADRID,PANATHINAIKOS AKTOR ATHENS
2024,31,86,PAN,P012774,"NUNN, KENDRICK",2FGA,Missed Two Pointer,0,106,131,C,0,0,0,7,03:25,21,12,20241017185635,31,"Oct 17, 2024",REAL MADRID,PANATHINAIKOS AKTOR ATHENS
2024,31,95,PAN,P012774,"NUNN, KENDRICK",3FGA,Missed Three Pointer,0,457,690,I,0,0,0,8,02:49,21,12,20241017185737,31,"Oct 17, 2024",REAL MADRID,PANATHINAIKOS AKTOR ATHENS
2024,31,242,PAN,P012774,"NUNN, KENDRICK",FTM,Free Throw In,1,-1,-1, ,0,0,0,19,01:08,40,35,20241017192557,31,"Oct 17, 2024",REAL MADRID,PANATHINAIKOS AKTOR ATHENS
2024,31,243,PAN,P012774,"NUNN, KENDRICK",FTM,Free Throw In,1,-1,-1, ,0,0,0,19,01:08,40,36,20241017192615,31,"Oct 17, 2024",REAL MADRID,PANATHINAIKOS AKTOR ATHENS
2024,31,246,PAN,P012774,"NUNN, KENDRICK",2FGM,Two Pointer,2,169,238,E,0,0,0,20,00:26,42,38,20241017192658,31,"Oct 17, 2024",REAL MADRID,PANATHINAIKOS AKTOR ATHENS
2024,31,262,PAN,P012774,"NUNN, KENDRICK",3FGA,Missed Three Pointer,0,-370,1003,H,0,0,0,20,00:03,43,38,20241017193454,31,"Oct 17, 2024",REAL MADRID,PANATHINAIKOS AKTOR ATHENS
2024,31,272,PAN,P012774,"NUNN, KENDRICK",3FGM,Three Pointer,3,-464,708,H,0,0,0,21,09:36,43,41,20241017195200,31,"Oct 17, 2024",REAL MADRID,PANATHINAIKOS AKTOR ATHENS
2024,31,297,PAN,P012774,"NUNN, KENDRICK",3FGM,Three Pointer,3,119,708,I,0,0,0,24,06:24,50,48,20241017195619,31,"Oct 17, 2024",REAL MADRID,PANATHINAIKOS AKTOR ATHENS
2024,31,313,PAN,P012774,"NUNN, KENDRICK",2FGA,Missed Two Pointer,0,169,250,E,0,0,0,25,05:14,57,48,20241017195934,31,"Oct 17, 2024",REAL MADRID,PANATHINAIKOS AKTOR ATHENS
2024,31,320,PAN,P012774,"NUNN, KENDRICK",3FGA,Missed Three Pointer,0,188,721,I,0,0,0,26,04:46,57,48,20241017200022,31,"Oct 17, 2024",REAL MADRID,PANATHINAIKOS AKTOR ATHENS
2024,31,365,PAN,P012774,"NUNN, KENDRICK",2FGM,Two Pointer,2,81,188,C,0,0,0,29,01:20,68,53,20241017200813,31,"Oct 17, 2024",REAL MADRID,PANATHINAIKOS AKTOR ATHENS
2024,31,370,PAN,P012774,"NUNN, KENDRICK",2FGM,Two Pointer,2,181,138,C,0,0,0,30,00:36,70,55,20241017200859,31,"Oct 17, 2024",REAL MADRID,PANATHINAIKOS AKTOR ATHENS
2024,31,395,PAN,P012774,"NUNN, KENDRICK",2FGM,Two Pointer,2,-188,150,B,0,0,0,32,08:34,73,62,20241017201403,31,"Oct 17, 2024",REAL MADRID,PANATHINAIKOS AKTOR ATHENS
2024,31,404,PAN,P012774,"NUNN, KENDRICK",3FGA,Missed Three Pointer,0,181,746,I,0,0,0,33,07:47,76,62,20241017201508,31,"Oct 17, 2024",REAL MADRID,PANATHINAIKOS AKTOR ATHENS
2024,31,410,PAN,P012774,"NUNN, KENDRICK",2FGM,Two Pointer,2,-181,131,B,0,0,0,33,07:12,78,64,20241017201558,31,"Oct 17, 2024",REAL MADRID,PANATHINAIKOS AKTOR ATHENS
2024,31,413,PAN,P012774,"NUNN, KENDRICK",FTM,Free Throw In,1,-1,-1, ,0,0,0,33,07:12,78,65,20241017201647,31,"Oct 17, 2024",REAL MADRID,PANATHINAIKOS AKTOR ATHENS
2024,31,425,PAN,P012774,"NUNN, KENDRICK",2FGM,Two Pointer,2,0,194,B,0,1,0,34,06:15,78,69,20241017201839,31,"Oct 17, 2024",REAL MADRID,PANATHINAIKOS AKTOR ATHENS
2024,31,452,PAN,P012774,"NUNN, KENDRICK",2FGA,Missed Two Pointer,0,-119,238,D,0,0,0,36,04:06,85,74,20241017202515,31,"Oct 17, 2024",REAL MADRID,PANATHINAIKOS AKTOR ATHENS
2024,31,492,PAN,P012774,"NUNN, KENDRICK",2FGA,Missed Two Pointer,0,181,207,E,0,0,0,39,01:37,90,81,20241017203025,31,"Oct 17, 2024",REAL MADRID,PANATHINAIKOS AKTOR ATHENS
2024,43,40,PAN,P012774,"NUNN, KENDRICK",3FGM,Three Pointer,3,-690,-31,H,0,0,0,4,06:04,5,6,20241025175359,43,"Oct 25, 2024",FENERBAHCE BEKO ISTANBUL,PANATHINAIKOS AKTOR ATHENS
2024,43,57,PAN,P012774,"NUNN, KENDRICK",2FGA,Missed Two Pointer,0,-382,75,D,0,0,0,6,04:34,7,8,20241025175817,43,"Oct 25, 2024",FENERBAHCE BEKO ISTANBUL,PANATHINAIKOS AKTOR ATHENS
2024,43,89,PAN,P012774,"NUNN, KENDRICK",2FGM,Two Pointer,2,301,288,E,0,0,1,8,02:18,11,16,20241025180221,43,"Oct 25, 2024",FENERBAHCE BEKO ISTANBUL,PANATHINAIKOS AKTOR ATHENS
2024,43,105,PAN,P012774,"NUNN, KENDRICK",2FGA,Missed Two Pointer,0,6,232,E,0,0,0,10,00:38,13,21,20241025180628,43,"Oct 25, 2024",FENERBAHCE BEKO ISTANBUL,PANATHINAIKOS AKTOR ATHENS
2024,43,153,PAN,P012774,"NUNN, KENDRICK",3FGM,Three Pointer,3,150,690,I,0,0,0,13,07:49,21,28,20241025181421,43,"Oct 25, 2024",FENERBAHCE BEKO ISTANBUL,PANATHINAIKOS AKTOR ATHENS
2024,43,156,PAN,P012774,"NUNN, KENDRICK",3FGA,Missed Three Pointer,0,426,639,I,0,0,0,13,07:31,21,28,20241025181438,43,"Oct 25, 2024",FENERBAHCE BEKO ISTANBUL,PANATHINAIKOS AKTOR ATHENS
2024,43,166,PAN,P012774,"NUNN, KENDRICK",3FGA,Missed Three Pointer,0,652,263,I,0,0,0,14,06:16,24,30,20241025181604,43,"Oct 25, 2024",FENERBAHCE BEKO ISTANBUL,PANATHINAIKOS AKTOR ATHENS
2024,43,201,PAN,P012774,"NUNN, KENDRICK",2FGM,Two Pointer,2,-131,37,B,0,0,0,17,03:53,27,36,20241025182228,43,"Oct 25, 2024",FENERBAHCE BEKO ISTANBUL,PANATHINAIKOS AKTOR ATHENS
2024,43,237,PAN,P012774,"NUNN, KENDRICK",2FGM,Two Pointer,2,156,69,C,0,0,0,20,00:02,35,46,20241025182907,43,"Oct 25, 2024",FENERBAHCE BEKO ISTANBUL,PANATHINAIKOS AKTOR ATHENS
2024,43,273,PAN,P012774,"NUNN, KENDRICK",FTM,Free Throw In,1,-1,-1, ,0,0,0,23,07:14,39,51,20241025185216,43,"Oct 25, 2024",FENERBAHCE BEKO ISTANBUL,PANATHINAIKOS AKTOR ATHENS
2024,43,274,PAN,P012774,"NUNN, KENDRICK",FTM,Free Throw In,1,-1,-1, ,0,0,0,23,07:14,39,52,20241025185225,43,"Oct 25, 2024",FENERBAHCE BEKO ISTANBUL,PANATHINAIKOS AKTOR ATHENS
2024,43,324,PAN,P012774,"NUNN, KENDRICK",2FGA,Missed Two Pointer,0,-288,282,D,0,0,0,28,02:29,47,57,20241025190249,43,"Oct 25, 2024",FENERBAHCE BEKO ISTANBUL,PANATHINAIKOS AKTOR ATHENS
2024,43,402,PAN,P012774,"NUNN, KENDRICK",3FGA,Missed Three Pointer,0,-595,376,H,0,0,0,33,07:52,61,65,20241025191646,43,"Oct 25, 2024",FENERBAHCE BEKO ISTANBUL,PANATHINAIKOS AKTOR ATHENS
2024,43,431,PAN,P012774,"NUNN, KENDRICK",2FGA,Missed Two Pointer,0,432,25,E,0,0,0,34,06:16,67,65,20241025192117,43,"Oct 25, 2024",FENERBAHCE BEKO ISTANBUL,PANATHINAIKOS AKTOR ATHENS
2024,43,508,PAN,P012774,"NUNN, KENDRICK",2FGA,Missed Two Pointer,0,0,263,D,0,0,0,39,01:21,73,72,20241025193513,43,"Oct 25, 2024",FENERBAHCE BEKO ISTANBUL,PANATHINAIKOS AKTOR ATHENS
2024,43,535,PAN,P012774,"NUNN, KENDRICK",FTM,Free Throw In,1,-1,-1, ,0,0,0,40,00:10,76,79,20241025194455,43,"Oct 25, 2024",FENERBAHCE BEKO ISTANBUL,PANATHINAIKOS AKTOR ATHENS
2024,51,43,PAN,P012774,"NUNN, KENDRICK",2FGM,Two Pointer,2,144,62,C,0,0,0,1,09:45,2,0,20241030191620,51,"Oct 30, 2024",PANATHINAIKOS AKTOR ATHENS,LDLC ASVEL VILLEURBANNE
2024,51,61,PAN,P012774,"NUNN, KENDRICK",3FGM,Three Pointer,3,-595,388,H,0,0,0,2,08:08,9,1,20241030191858,51,"Oct 30, 2024",PANATHINAIKOS AKTOR ATHENS,LDLC ASVEL VILLEURBANNE
2024,51,246,PAN,P012774,"NUNN, KENDRICK",3FGA,Missed Three Pointer,0,-150,771,H,0,0,0,16,04:29,38,23,20241030194702,51,"Oct 30, 2024",PANATHINAIKOS AKTOR ATHENS,LDLC ASVEL VILLEURBANNE
2024,51,263,PAN,P012774,"NUNN, KENDRICK",2FGM,Two Pointer,2,131,69,C,0,0,0,17,03:19,40,25,20241030194946,51,"Oct 30, 2024",PANATHINAIKOS AKTOR ATHENS,LDLC ASVEL VILLEURBANNE
2024,51,275,PAN,P012774,"NUNN, KENDRICK",3FGM,Three Pointer,3,533,501,I,0,0,0,18,02:09,43,27,20241030195058,51,"Oct 30, 2024",PANATHINAIKOS AKTOR ATHENS,LDLC ASVEL VILLEURBANNE
2024,51,305,PAN,P012774,"NUNN, KENDRICK",3FGA,Missed Three Pointer,0,639,345,I,0,0,0,20,01:00,45,29,20241030195536,51,"Oct 30, 2024",PANATHINAIKOS AKTOR ATHENS,LDLC ASVEL VILLEURBANNE
2024,51,327,PAN,P012774,"NUNN, KENDRICK",2FGM,Two Pointer,2,388,37,E,0,0,0,22,08:44,49,31,20241030201159,51,"Oct 30, 2024",PANATHINAIKOS AKTOR ATHENS,LDLC ASVEL VILLEURBANNE
2024,51,348,PAN,P012774,"NUNN, KENDRICK",3FGA,Missed Three Pointer,0,589,414,I,0,0,0,24,06:19,51,38,20241030201559,51,"Oct 30, 2024",PANATHINAIKOS AKTOR ATHENS,LDLC ASVEL VILLEURBANNE
2024,51,356,PAN,P012774,"NUNN, KENDRICK",2FGA,Missed Two Pointer,0,-106,87,B,0,0,0,25,05:41,53,38,20241030201638,51,"Oct 30, 2024",PANATHINAIKOS AKTOR ATHENS,LDLC ASVEL VILLEURBANNE
2024,51,377,PAN,P012774,"NUNN, KENDRICK",2FGM,Two Pointer,2,0,25,A,1,0,1,26,04:18,60,41,20241030201832,51,"Oct 30, 2024",PANATHINAIKOS AKTOR ATHENS,LDLC ASVEL VILLEURBANNE
2024,61,43,PAN,P012774,"NUNN, KENDRICK",2FGA,Missed Two Pointer,0,257,269,E,0,0,0,4,06:18,4,5,20241101190532,61,"Nov 01, 2024",CRVENA ZVEZDA MERIDIANBET BELGRADE,PANATHINAIKOS AKTOR ATHENS
2024,61,59,PAN,P012774,"NUNN, KENDRICK",2FGA,Missed Two Pointer,0,69,207,C,0,0,0,6,04:42,9,7,20241101190752,61,"Nov 01, 2024",CRVENA ZVEZDA MERIDIANBET BELGRADE,PANATHINAIKOS AKTOR ATHENS
2024,61,132,PAN,P012774,"NUNN, KENDRICK",3FGM,Three Pointer,3,583,539,I,0,0,0,11,09:05,24,21,20241101192244,61,"Nov 01, 2024",CRVENA ZVEZDA MERIDIANBET BELGRADE,PANATHINAIKOS AKTOR ATHENS
2024,61,382,PAN,P012774,"NUNN, KENDRICK",FTM,Free Throw In,1,-1,-1, ,0,0,0,28,02:24,54,50,20241101201642,61,"Nov 01, 2024",CRVENA ZVEZDA MERIDIANBET BELGRADE,PANATHINAIKOS AKTOR ATHENS
2024,61,383,PAN,P012774,"NUNN, KENDRICK",FTM,Free Throw In,1,-1,-1, ,0,0,0,28,02:24,54,51,20241101201658,61,"Nov 01, 2024",CRVENA ZVEZDA MERIDIANBET BELGRADE,PANATHINAIKOS AKTOR ATHENS
2024,61,393,PAN,P012774,"NUNN, KENDRICK",2FGM,Two Pointer,2,100,87,C,0,0,0,29,01:29,56,53,20241101201934,61,"Nov 01, 2024",CRVENA ZVEZDA MERIDIANBET BELGRADE,PANATHINAIKOS AKTOR ATHENS
2024,61,401,PAN,P012774,"NUNN, KENDRICK",2FGM,Two Pointer,2,-112,75,B,0,0,0,30,00:50,56,55,20241101202041,61,"Nov 01, 2024",CRVENA ZVEZDA MERIDIANBET BELGRADE,PANATHINAIKOS AKTOR ATHENS
2024,61,474,PAN,P012774,"NUNN, KENDRICK",3FGA,Missed Three Pointer,0,156,777,I,0,0,0,35,05:56,63,59,20241101203316,61,"Nov 01, 2024",CRVENA ZVEZDA MERIDIANBET BELGRADE,PANATHINAIKOS AKTOR ATHENS
2024,61,515,PAN,P012774,"NUNN, KENDRICK",3FGA,Missed Three Pointer,0,-25,846,H,0,0,0,39,01:35,74,75,20241101204327,61,"Nov 01, 2024",CRVENA ZVEZDA MERIDIANBET BELGRADE,PANATHINAIKOS AKTOR ATHENS
2024,61,527,PAN,P012774,"NUNN, KENDRICK",2FGA,Missed Two Pointer,0,-106,313,D,0,0,0,40,00:44,77,75,20241101204531,61,"Nov 01, 2024",CRVENA ZVEZDA MERIDIANBET BELGRADE,PANATHINAIKOS AKTOR ATHENS
2024,61,529,PAN,P012774,"NUNN, KENDRICK",2FGM,Two Pointer,2,-62,175,B,0,1,0,40,00:41,77,77,20241101204534,61,"Nov 01, 2024",CRVENA ZVEZDA MERIDIANBET BELGRADE,PANATHINAIKOS AKTOR ATHENS
2024,61,550,PAN,P012774,"NUNN, KENDRICK",FTM,Free Throw In,1,-1,-1, ,0,0,0,40,00:01,77,80,20241101205215,61,"Nov 01, 2024",CRVENA ZVEZDA MERIDIANBET BELGRADE,PANATHINAIKOS AKTOR ATHENS
2024,61,551,PAN,P012774,"NUNN, KENDRICK",FTM,Free Throw In,1,-1,-1, ,0,0,0,40,00:01,77,81,20241101205228,61,"Nov 01, 2024",CRVENA ZVEZDA MERIDIANBET BELGRADE,PANATHINAIKOS AKTOR ATHENS
2024,70,27,PAN,P012774,"NUNN, KENDRICK",2FGA,Missed Two Pointer,0,138,225,E,0,0,0,3,07:51,1,5,20241108192018,70,"Nov 08, 2024",PANATHINAIKOS AKTOR ATHENS,OLYMPIACOS PIRAEUS
2024,70,49,PAN,P012774,"NUNN, KENDRICK",3FGM,Three Pointer,3,426,583,I,0,0,0,5,05:51,4,11,20241108192249,70,"Nov 08, 2024",PANATHINAIKOS AKTOR ATHENS,OLYMPIACOS PIRAEUS
2024,70,96,PAN,P012774,"NUNN, KENDRICK",3FGM,Three Pointer,3,-25,752,H,1,0,1,8,02:34,11,15,20241108192920,70,"Nov 08, 2024",PANATHINAIKOS AKTOR ATHENS,OLYMPIACOS PIRAEUS
2024,70,114,PAN,P012774,"NUNN, KENDRICK",3FGA,Missed Three Pointer,0,583,439,I,0,0,0,10,00:37,13,18,20241108193153,70,"Nov 08, 2024",PANATHINAIKOS AKTOR ATHENS,OLYMPIACOS PIRAEUS
2024,70,156,PAN,P012774,"NUNN, KENDRICK",2FGA,Missed Two Pointer,0,163,370,E,0,0,0,12,08:37,15,23,20241108194103,70,"Nov 08, 2024",PANATHINAIKOS AKTOR ATHENS,OLYMPIACOS PIRAEUS
2024,70,161,PAN,P012774,"NUNN, KENDRICK",3FGA,Missed Three Pointer,0,-570,552,H,0,0,0,13,07:58,15,25,20241108194143,70,"Nov 08, 2024",PANATHINAIKOS AKTOR ATHENS,OLYMPIACOS PIRAEUS
2024,70,314,PAN,P012774,"NUNN, KENDRICK",2FGM,Two Pointer,2,0,18,A,1,0,1,24,06:55,44,46,20241108202217,70,"Nov 08, 2024",PANATHINAIKOS AKTOR ATHENS,OLYMPIACOS PIRAEUS
2024,70,332,PAN,P012774,"NUNN, KENDRICK",2FGM,Two Pointer,2,-31,100,B,0,0,0,25,05:08,51,52,20241108202703,70,"Nov 08, 2024",PANATHINAIKOS AKTOR ATHENS,OLYMPIACOS PIRAEUS
2024,70,341,PAN,P012774,"NUNN, KENDRICK",3FGM,Three Pointer,3,-307,658,H,0,0,0,26,04:11,54,57,20241108202802,70,"Nov 08, 2024",PANATHINAIKOS AKTOR ATHENS,OLYMPIACOS PIRAEUS
2024,70,415,PAN,P012774,"NUNN, KENDRICK",2FGM,Two Pointer,2,-69,501,F,0,0,0,32,08:21,71,73,20241108203926,70,"Nov 08, 2024",PANATHINAIKOS AKTOR ATHENS,OLYMPIACOS PIRAEUS
2024,70,429,PAN,P012774,"NUNN, KENDRICK",3FGA,Missed Three Pointer,0,-125,784,H,0,0,0,33,07:14,71,79,20241108204206,70,"Nov 08, 2024",PANATHINAIKOS AKTOR ATHENS,OLYMPIACOS PIRAEUS
2024,70,457,PAN,P012774,"NUNN, KENDRICK",3FGM,Three Pointer,3,-696,-43,H,0,0,1,36,04:56,79,81,20241108204611,70,"Nov 08, 2024",PANATHINAIKOS AKTOR ATHENS,OLYMPIACOS PIRAEUS
2024,70,474,PAN,P012774,"NUNN, KENDRICK",2FGM,Two Pointer,2,100,56,C,0,1,0,37,03:48,81,81,20241108205005,70,"Nov 08, 2024",PANATHINAIKOS AKTOR ATHENS,OLYMPIACOS PIRAEUS
2024,70,506,PAN,P012774,"NUNN, KENDRICK",3FGA,Missed Three Pointer,0,-31,727,H,0,0,0,39,01:03,85,89,20241108205830,70,"Nov 08, 2024",PANATHINAIKOS AKTOR ATHENS,OLYMPIACOS PIRAEUS
2024,77,53,PAN,P012774,"NUNN, KENDRICK",2FGA,Missed Two Pointer,0,69,144,C,0,0,0,3,07:40,3,6,20241112192243,77,"Nov 12, 2024",PANATHINAIKOS AKTOR ATHENS,MACCABI PLAYTIKA TEL AVIV
2024,77,63,PAN,P012774,"NUNN, KENDRICK",2FGM,Two Pointer,2,-94,263,D,1,0,0,4,06:25,7,10,20241112192423,77,"Nov 12, 2024",PANATHINAIKOS AKTOR ATHENS,MACCABI PLAYTIKA TEL AVIV
2024,77,90,PAN,P012774,"NUNN, KENDRICK",2FGM,Two Pointer,2,-119,69,B,0,0,0,6,04:22,13,14,20241112192704,77,"Nov 12, 2024",PANATHINAIKOS AKTOR ATHENS,MACCABI PLAYTIKA TEL AVIV
2024,77,119,PAN,P012774,"NUNN, KENDRICK",3FGM,Three Pointer,3,-407,577,H,0,0,0,8,02:12,18,20,20241112193126,77,"Nov 12, 2024",PANATHINAIKOS AKTOR ATHENS,MACCABI PLAYTIKA TEL AVIV
2024,77,139,PAN,P012774,"NUNN, KENDRICK",2FGA,Missed Two Pointer,0,100,244,E,0,0,0,10,00:28,20,24,20241112193434,77,"Nov 12, 2024",PANATHINAIKOS AKTOR ATHENS,MACCABI PLAYTIKA TEL AVIV
2024,77,206,PAN,P012774,"NUNN, KENDRICK",2FGA,Missed Two Pointer,0,301,75,E,0,0,0,13,07:10,25,29,20241112194526,77,"Nov 12, 2024",PANATHINAIKOS AKTOR ATHENS,MACCABI PLAYTIKA TEL AVIV
2024,77,217,PAN,P012774,"NUNN, KENDRICK",2FGM,Two Pointer,2,-119,326,D,0,0,1,14,06:28,27,29,20241112194712,77,"Nov 12, 2024",PANATHINAIKOS AKTOR ATHENS,MACCABI PLAYTIKA TEL AVIV
2024,77,338,PAN,P012774,"NUNN, KENDRICK",2FGA,Missed Two Pointer,0,56,138,C,0,0,0,23,07:29,41,51,20241112202146,77,"Nov 12, 2024",PANATHINAIKOS AKTOR ATHENS,MACCABI PLAYTIKA TEL AVIV
2024,77,350,PAN,P012774,"NUNN, KENDRICK",2FGM,Two Pointer,2,-81,87,B,1,0,1,24,06:42,45,51,20241112202415,77,"Nov 12, 2024",PANATHINAIKOS AKTOR ATHENS,MACCABI PLAYTIKA TEL AVIV
2024,77,401,PAN,P012774,"NUNN, KENDRICK",3FGA,Missed Three Pointer,0,200,759,I,0,0,0,27,03:12,55,59,20241112203312,77,"Nov 12, 2024",PANATHINAIKOS AKTOR ATHENS,MACCABI PLAYTIKA TEL AVIV
2024,77,475,PAN,P012774,"NUNN, KENDRICK",2FGM,Two Pointer,2,-156,244,D,0,0,0,32,08:18,62,71,20241112204450,77,"Nov 12, 2024",PANATHINAIKOS AKTOR ATHENS,MACCABI PLAYTIKA TEL AVIV
2024,77,480,PAN,P012774,"NUNN, KENDRICK",FTM,Free Throw In,1,-1,-1, ,0,0,0,32,08:18,63,71,20241112204537,77,"Nov 12, 2024",PANATHINAIKOS AKTOR ATHENS,MACCABI PLAYTIKA TEL AVIV
2024,77,516,PAN,P012774,"NUNN, KENDRICK",2FGM,Two Pointer,2,75,56,C,0,0,0,35,05:56,70,72,20241112205108,77,"Nov 12, 2024",PANATHINAIKOS AKTOR ATHENS,MACCABI PLAYTIKA TEL AVIV
2024,77,522,PAN,P012774,"NUNN, KENDRICK",3FGM,Three Pointer,3,31,727,I,0,0,1,35,05:31,73,73,20241112205234,77,"Nov 12, 2024",PANATHINAIKOS AKTOR ATHENS,MACCABI PLAYTIKA TEL AVIV
2024,77,616,PAN,P012774,"NUNN, KENDRICK",FTM,Free Throw In,1,-1,-1, ,0,0,0,40,00:06,92,87,20241112211306,77,"Nov 12, 2024",PANATHINAIKOS AKTOR ATHENS,MACCABI PLAYTIKA TEL AVIV
2024,77,617,PAN,P012774,"NUNN, KENDRICK",FTM,Free Throw In,1,-1,-1, ,0,0,0,40,00:06,93,87,20241112211321,77,"Nov 12, 2024",PANATHINAIKOS AKTOR ATHENS,MACCABI PLAYTIKA TEL AVIV
2024,90,50,PAN,P012774,"NUNN, KENDRICK",FTM,Free Throw In,1,-1,-1, ,0,0,1,5,05:42,3,6,20241115193938,90,"Nov 15, 2024",VIRTUS SEGAFREDO BOLOGNA,PANATHINAIKOS AKTOR ATHENS
2024,90,73,PAN,P012774,"NUNN, KENDRICK",3FGM,Three Pointer,3,31,740,I,0,0,0,8,02:43,13,15,20241115194517,90,"Nov 15, 2024",VIRTUS SEGAFREDO BOLOGNA,PANATHINAIKOS AKTOR ATHENS
2024,90,80,PAN,P012774,"NUNN, KENDRICK",2FGM,Two Pointer,2,-156,37,B,0,0,1,9,01:41,15,19,20241115194620,90,"Nov 15, 2024",VIRTUS SEGAFREDO BOLOGNA,PANATHINAIKOS AKTOR ATHENS
2024,90,113,PAN,P012774,"NUNN, KENDRICK",2FGA,Missed Two Pointer,0,12,621,G,0,0,0,11,09:43,18,19,20241115195229,90,"Nov 15, 2024",VIRTUS SEGAFREDO BOLOGNA,PANATHINAIKOS AKTOR ATHENS
2024,90,189,PAN,P012774,"NUNN, KENDRICK",3FGM,Three Pointer,3,18,734,I,0,0,0,15,05:04,26,27,20241115200437,90,"Nov 15, 2024",VIRTUS SEGAFREDO BOLOGNA,PANATHINAIKOS AKTOR ATHENS
2024,90,205,PAN,P012774,"NUNN, KENDRICK",3FGM,Three Pointer,3,-81,727,H,0,0,0,17,03:53,30,33,20241115200620,90,"Nov 15, 2024",VIRTUS SEGAFREDO BOLOGNA,PANATHINAIKOS AKTOR ATHENS
2024,90,228,PAN,P012774,"NUNN, KENDRICK",2FGM,Two Pointer,2,-18,219,B,0,0,1,18,02:16,32,40,20241115201114,90,"Nov 15, 2024",VIRTUS SEGAFREDO BOLOGNA,PANATHINAIKOS AKTOR ATHENS
2024,90,267,PAN,P012774,"NUNN, KENDRICK",2FGA,Missed Two Pointer,0,520,138,G,0,0,0,21,09:39,43,46,20241115203311,90,"Nov 15, 2024",VIRTUS SEGAFREDO BOLOGNA,PANATHINAIKOS AKTOR ATHENS
2024,90,274,PAN,P012774,"NUNN, KENDRICK",3FGA,Missed Three Pointer,0,-56,740,H,0,0,0,21,10:00,44,46,20241115203428,90,"Nov 15, 2024",VIRTUS SEGAFREDO BOLOGNA,PANATHINAIKOS AKTOR ATHENS
2024,90,287,PAN,P012774,"NUNN, KENDRICK",FTM,Free Throw In,1,-1,-1, ,0,0,0,22,08:16,45,49,20241115203647,90,"Nov 15, 2024",VIRTUS SEGAFREDO BOLOGNA,PANATHINAIKOS AKTOR ATHENS
2024,90,288,PAN,P012774,"NUNN, KENDRICK",FTM,Free Throw In,1,-1,-1, ,0,0,0,22,08:16,45,50,20241115203701,90,"Nov 15, 2024",VIRTUS SEGAFREDO BOLOGNA,PANATHINAIKOS AKTOR ATHENS
2024,90,310,PAN,P012774,"NUNN, KENDRICK",3FGA,Missed Three Pointer,0,696,18,I,0,0,0,24,06:13,47,53,20241115204046,90,"Nov 15, 2024",VIRTUS SEGAFREDO BOLOGNA,PANATHINAIKOS AKTOR ATHENS
2024,90,338,PAN,P012774,"NUNN, KENDRICK",2FGA,Missed Two Pointer,0,-125,56,B,0,0,0,26,04:13,52,56,20241115204551,90,"Nov 15, 2024",VIRTUS SEGAFREDO BOLOGNA,PANATHINAIKOS AKTOR ATHENS
2024,90,440,PAN,P012774,"NUNN, KENDRICK",3FGA,Missed Three Pointer,0,345,664,I,0,0,0,33,07:42,63,64,20241115210448,90,"Nov 15, 2024",VIRTUS SEGAFREDO BOLOGNA,PANATHINAIKOS AKTOR ATHENS
2024,90,488,PAN,P012774,"NUNN, KENDRICK",2FGM,Two Pointer,2,188,345,E,0,0,0,35,05:25,65,66,20241115211040,90,"Nov 15, 2024",VIRTUS SEGAFREDO BOLOGNA,PANATHINAIKOS AKTOR ATHENS
2024,90,497,PAN,P012774,"NUNN, KENDRICK",FTM,Free Throw In,1,-1,-1, ,0,0,0,36,04:56,68,67,20241115211508,90,"Nov 15, 2024",VIRTUS SEGAFREDO BOLOGNA,PANATHINAIKOS AKTOR ATHENS
2024,90,573,PAN,P012774,"NUNN, KENDRICK",FTM,Free Throw In,1,-1,-1, ,0,0,0,40,00:06,77,80,20241115213116,90,"Nov 15, 2024",VIRTUS SEGAFREDO BOLOGNA,PANATHINAIKOS AKTOR ATHENS
2024,98,17,PAN,P012774,"NUNN, KENDRICK",3FGM,Three Pointer,3,-677,81,H,0,0,0,2,08:30,4,3,20241122180312,98,"Nov 22, 2024",ZALGIRIS KAUNAS,PANATHINAIKOS AKTOR ATHENS
2024,98,22,PAN,P012774,"NUNN, KENDRICK",3FGA,Missed Three Pointer,0,671,106,I,0,0,0,3,07:47,7,3,20241122180357,98,"Nov 22, 2024",ZALGIRIS KAUNAS,PANATHINAIKOS AKTOR ATHENS
2024,98,35,PAN,P012774,"NUNN, KENDRICK",3FGA,Missed Three Pointer,0,-225,721,H,0,0,0,4,06:30,9,3,20241122180640,98,"Nov 22, 2024",ZALGIRIS KAUNAS,PANATHINAIKOS AKTOR ATHENS
2024,98,228,PAN,P012774,"NUNN, KENDRICK",2FGA,Missed Two Pointer,0,112,56,C,0,0,0,17,03:16,44,31,20241122184231,98,"Nov 22, 2024",ZALGIRIS KAUNAS,PANATHINAIKOS AKTOR ATHENS
2024,98,250,PAN,P012774,"NUNN, KENDRICK",2FGM,Two Pointer,2,-94,87,B,0,0,0,19,01:54,49,37,20241122184700,98,"Nov 22, 2024",ZALGIRIS KAUNAS,PANATHINAIKOS AKTOR ATHENS
2024,98,263,PAN,P012774,"NUNN, KENDRICK",3FGM,Three Pointer,3,-81,708,H,0,0,0,19,01:08,49,40,20241122184848,98,"Nov 22, 2024",ZALGIRIS KAUNAS,PANATHINAIKOS AKTOR ATHENS
2024,98,293,PAN,P012774,"NUNN, KENDRICK",3FGM,Three Pointer,3,382,589,I,0,0,0,21,09:40,49,45,20241122190647,98,"Nov 22, 2024",ZALGIRIS KAUNAS,PANATHINAIKOS AKTOR ATHENS
2024,98,327,PAN,P012774,"NUNN, KENDRICK",3FGM,Three Pointer,3,200,671,I,0,0,0,24,06:07,55,54,20241122191309,98,"Nov 22, 2024",ZALGIRIS KAUNAS,PANATHINAIKOS AKTOR ATHENS
2024,98,338,PAN,P012774,"NUNN, KENDRICK",3FGA,Missed Three Pointer,0,238,671,I,0,0,0,25,05:23,55,54,20241122191432,98,"Nov 22, 2024",ZALGIRIS KAUNAS,PANATHINAIKOS AKTOR ATHENS
2024,98,473,PAN,P012774,"NUNN, KENDRICK",3FGA,Missed Three Pointer,0,338,602,I,0,0,0,34,06:20,76,66,20241122193521,98,"Nov 22, 2024",ZALGIRIS KAUNAS,PANATHINAIKOS AKTOR ATHENS
2024,98,486,PAN,P012774,"NUNN, KENDRICK",3FGM,Three Pointer,3,163,708,I,0,0,0,35,05:04,78,69,20241122193848,98,"Nov 22, 2024",ZALGIRIS KAUNAS,PANATHINAIKOS AKTOR ATHENS
2024,98,554,PAN,P012774,"NUNN, KENDRICK",FTM,Free Throw In,1,-1,-1, ,0,0,0,40,00:40,83,74,20241122195233,98,"Nov 22, 2024",ZALGIRIS KAUNAS,PANATHINAIKOS AKTOR ATHENS
2024,98,555,PAN,P012774,"NUNN, KENDRICK",FTM,Free Throw In,1,-1,-1, ,0,0,0,40,00:40,83,75,20241122195248,98,"Nov 22, 2024",ZALGIRIS KAUNAS,PANATHINAIKOS AKTOR ATHENS
2024,98,573,PAN,P012774,"NUNN, KENDRICK",3FGA,Missed Three Pointer,0,414,1154,I,0,0,0,40,00:01,84,77,20241122195603,98,"Nov 22, 2024",ZALGIRIS KAUNAS,PANATHINAIKOS AKTOR ATHENS
2024,106,47,PAN,P012774,"NUNN, KENDRICK",3FGA,Missed Three Pointer,0,-451,614,H,0,0,0,2,08:33,3,4,20241129191925,106,"Nov 29, 2024",PANATHINAIKOS AKTOR ATHENS,AS MONACO
2024,106,64,PAN,P012774,"NUNN, KENDRICK",FTM,Free Throw In,1,-1,-1, ,0,0,0,3,07:14,6,7,20241129192210,106,"Nov 29, 2024",PANATHINAIKOS AKTOR ATHENS,AS MONACO
2024,106,65,PAN,P012774,"NUNN, KENDRICK",FTM,Free Throw In,1,-1,-1, ,0,0,0,3,07:14,7,7,20241129192226,106,"Nov 29, 2024",PANATHINAIKOS AKTOR ATHENS,AS MONACO
2024,106,156,PAN,P012774,"NUNN, KENDRICK",2FGM,Two Pointer,2,-31,257,D,0,0,0,10,00:28,26,23,20241129193831,106,"Nov 29, 2024",PANATHINAIKOS AKTOR ATHENS,AS MONACO
2024,106,177,PAN,P012774,"NUNN, KENDRICK",2FGA,Missed Two Pointer,0,100,163,C,0,0,0,11,09:46,26,28,20241129194344,106,"Nov 29, 2024",PANATHINAIKOS AKTOR ATHENS,AS MONACO
2024,106,179,PAN,P012774,"NUNN, KENDRICK",2FGA,Missed Two Pointer,0,31,119,C,0,0,0,11,09:44,26,28,20241129194347,106,"Nov 29, 2024",PANATHINAIKOS AKTOR ATHENS,AS MONACO
2024,106,195,PAN,P012774,"NUNN, KENDRICK",2FGM,Two Pointer,2,-12,69,B,1,0,0,12,08:37,30,30,20241129194642,106,"Nov 29, 2024",PANATHINAIKOS AKTOR ATHENS,AS MONACO
2024,106,202,PAN,P012774,"NUNN, KENDRICK",FTM,Free Throw In,1,-1,-1, ,0,0,0,12,08:37,31,30,20241129195227,106,"Nov 29, 2024",PANATHINAIKOS AKTOR ATHENS,AS MONACO
2024,106,255,PAN,P012774,"NUNN, KENDRICK",2FGM,Two Pointer,2,-188,288,D,0,0,0,15,05:16,38,40,20241129200111,106,"Nov 29, 2024",PANATHINAIKOS AKTOR ATHENS,AS MONACO
2024,106,309,PAN,P012774,"NUNN, KENDRICK",3FGA,Missed Three Pointer,0,426,583,I,0,0,0,20,00:43,48,47,20241129201101,106,"Nov 29, 2024",PANATHINAIKOS AKTOR ATHENS,AS MONACO
2024,106,417,PAN,P012774,"NUNN, KENDRICK",2FGM,Two Pointer,2,87,238,E,0,0,0,28,02:58,61,65,20241129204352,106,"Nov 29, 2024",PANATHINAIKOS AKTOR ATHENS,AS MONACO
2024,106,449,PAN,P012774,"NUNN, KENDRICK",FTM,Free Throw In,1,-1,-1, ,0,0,0,30,00:42,67,65,20241129204854,106,"Nov 29, 2024",PANATHINAIKOS AKTOR ATHENS,AS MONACO
2024,106,507,PAN,P012774,"NUNN, KENDRICK",3FGM,Three Pointer,3,150,721,I,0,1,0,33,07:43,73,68,20241129205641,106,"Nov 29, 2024",PANATHINAIKOS AKTOR ATHENS,AS MONACO
2024,106,527,PAN,P012774,"NUNN, KENDRICK",2FGM,Two Pointer,2,-288,326,F,0,0,0,35,05:43,78,74,20241129205927,106,"Nov 29, 2024",PANATHINAIKOS AKTOR ATHENS,AS MONACO
2024,106,530,PAN,P012774,"NUNN, KENDRICK",3FGA,Missed Three Pointer,0,-332,727,H,0,0,0,35,05:04,78,76,20241129210007,106,"Nov 29, 2024",PANATHINAIKOS AKTOR ATHENS,AS MONACO
2024,106,542,PAN,P012774,"NUNN, KENDRICK",FTM,Free Throw In,1,-1,-1, ,0,0,0,36,04:04,79,79,20241129210333,106,"Nov 29, 2024",PANATHINAIKOS AKTOR ATHENS,AS MONACO
2024,106,544,PAN,P012774,"NUNN, KENDRICK",FTM,Free Throw In,1,-1,-1, ,0,0,0,36,04:04,80,79,20241129210346,106,"Nov 29, 2024",PANATHINAIKOS AKTOR ATHENS,AS MONACO
2024,106,548,PAN,P012774,"NUNN, KENDRICK",2FGM,Two Pointer,2,-75,87,B,0,0,0,37,03:20,82,81,20241129210434,106,"Nov 29, 2024",PANATHINAIKOS AKTOR ATHENS,AS MONACO
2024,106,554,PAN,P012774,"NUNN, KENDRICK",FTM,Free Throw In,1,-1,-1, ,0,0,0,38,02:45,83,81,20241129210542,106,"Nov 29, 2024",PANATHINAIKOS AKTOR ATHENS,AS MONACO
2024,106,555,PAN,P012774,"NUNN, KENDRICK",FTM,Free Throw In,1,-1,-1, ,0,0,0,38,02:45,84,81,20241129210557,106,"Nov 29, 2024",PANATHINAIKOS AKTOR ATHENS,AS MONACO
2024,106,566,PAN,P012774,"NUNN, KENDRICK",3FGA,Missed Three Pointer,0,12,727,I,0,0,0,39,01:33,84,83,20241129210733,106,"Nov 29, 2024",PANATHINAIKOS AKTOR ATHENS,AS MONACO
2024,106,585,PAN,P012774,"NUNN, KENDRICK",3FGA,Missed Three Pointer,0,94,746,I,0,0,0,40,00:25,86,88,20241129211309,106,"Nov 29, 2024",PANATHINAIKOS AKTOR ATHENS,AS MONACO
2024,111,122,PAN,P012774,"NUNN, KENDRICK",3FGM,Three Pointer,3,-520,1141,H,0,0,0,10,01:00,25,19,20241203193629,111,"Dec 03, 2024",PANATHINAIKOS AKTOR ATHENS,FC BARCELONA
2024,111,132,PAN,P012774,"NUNN, KENDRICK",3FGM,Three Pointer,3,-608,420,H,0,0,0,11,09:20,28,21,20241203194011,111,"Dec 03, 2024",PANATHINAIKOS AKTOR ATHENS,FC BARCELONA
2024,111,143,PAN,P012774,"NUNN, KENDRICK",3FGA,Missed Three Pointer,0,-119,727,H,0,0,0,12,08:03,31,26,20241203194216,111,"Dec 03, 2024",PANATHINAIKOS AKTOR ATHENS,FC BARCELONA
2024,111,168,PAN,P012774,"NUNN, KENDRICK",2FGM,Two Pointer,2,-426,-6,D,0,0,0,14,06:42,33,30,20241203194526,111,"Dec 03, 2024",PANATHINAIKOS AKTOR ATHENS,FC BARCELONA
2024,111,172,PAN,P012774,"NUNN, KENDRICK",2FGA,Missed Two Pointer,0,-75,100,B,0,0,0,15,05:56,33,32,20241203194610,111,"Dec 03, 2024",PANATHINAIKOS AKTOR ATHENS,FC BARCELONA
2024,111,200,PAN,P012774,"NUNN, KENDRICK",3FGA,Missed Three Pointer,0,476,608,I,0,0,0,16,04:59,33,35,20241203195054,111,"Dec 03, 2024",PANATHINAIKOS AKTOR ATHENS,FC BARCELONA
2024,111,230,PAN,P012774,"NUNN, KENDRICK",2FGM,Two Pointer,2,-43,225,D,0,0,0,18,02:15,40,41,20241203195638,111,"Dec 03, 2024",PANATHINAIKOS AKTOR ATHENS,FC BARCELONA
2024,111,257,PAN,P012774,"NUNN, KENDRICK",2FGM,Two Pointer,2,62,81,C,0,0,0,20,00:55,43,45,20241203200121,111,"Dec 03, 2024",PANATHINAIKOS AKTOR ATHENS,FC BARCELONA
2024,111,264,PAN,P012774,"NUNN, KENDRICK",2FGM,Two Pointer,2,558,18,G,0,0,0,20,00:01,45,45,20241203200215,111,"Dec 03, 2024",PANATHINAIKOS AKTOR ATHENS,FC BARCELONA
2024,111,278,PAN,P012774,"NUNN, KENDRICK",2FGA,Missed Two Pointer,0,-119,75,B,0,0,0,21,09:27,45,45,20241203201854,111,"Dec 03, 2024",PANATHINAIKOS AKTOR ATHENS,FC BARCELONA
2024,111,313,PAN,P012774,"NUNN, KENDRICK",3FGA,Missed Three Pointer,0,589,464,I,0,0,0,24,06:29,51,51,20241203202416,111,"Dec 03, 2024",PANATHINAIKOS AKTOR ATHENS,FC BARCELONA
2024,111,419,PAN,P012774,"NUNN, KENDRICK",3FGM,Three Pointer,3,25,1122,I,0,0,1,30,01:00,63,69,20241203203946,111,"Dec 03, 2024",PANATHINAIKOS AKTOR ATHENS,FC BARCELONA
2024,111,426,PAN,P012774,"NUNN, KENDRICK",3FGM,Three Pointer,3,-175,727,H,0,0,0,31,09:48,66,69,20241203204237,111,"Dec 03, 2024",PANATHINAIKOS AKTOR ATHENS,FC BARCELONA
2024,111,430,PAN,P012774,"NUNN, KENDRICK",3FGM,Three Pointer,3,276,734,I,0,0,1,31,09:14,69,69,20241203204326,111,"Dec 03, 2024",PANATHINAIKOS AKTOR ATHENS,FC BARCELONA
2024,111,446,PAN,P012774,"NUNN, KENDRICK",2FGM,Two Pointer,2,81,106,C,0,0,0,33,07:50,74,71,20241203204848,111,"Dec 03, 2024",PANATHINAIKOS AKTOR ATHENS,FC BARCELONA
2024,111,483,PAN,P012774,"NUNN, KENDRICK",2FGM,Two Pointer,2,-595,-25,F,0,0,0,36,04:47,81,76,20241203205402,111,"Dec 03, 2024",PANATHINAIKOS AKTOR ATHENS,FC BARCELONA
2024,111,515,PAN,P012774,"NUNN, KENDRICK",3FGA,Missed Three Pointer,0,-439,608,H,0,0,0,39,01:23,84,84,20241203205849,111,"Dec 03, 2024",PANATHINAIKOS AKTOR ATHENS,FC BARCELONA
2024,111,536,PAN,P012774,"NUNN, KENDRICK",FTM,Free Throw In,1,-1,-1, ,0,0,0,40,00:12,88,86,20241203210349,111,"Dec 03, 2024",PANATHINAIKOS AKTOR ATHENS,FC BARCELONA
2024,111,537,PAN,P012774,"NUNN, KENDRICK",FTM,Free Throw In,1,-1,-1, ,0,0,0,40,00:12,89,86,20241203210408,111,"Dec 03, 2024",PANATHINAIKOS AKTOR ATHENS,FC BARCELONA
2024,120,14,PAN,P012774,"NUNN, KENDRICK",2FGM,Two Pointer,2,-62,62,B,1,0,1,3,07:53,2,5,20241205193313,120,"Dec 05, 2024",PARTIZAN MOZZART BET BELGRADE,PANATHINAIKOS AKTOR ATHENS
2024,120,88,PAN,P012774,"NUNN, KENDRICK",2FGA,Missed Two Pointer,0,-81,81,B,0,0,0,8,02:04,13,15,20241205194452,120,"Dec 05, 2024",PARTIZAN MOZZART BET BELGRADE,PANATHINAIKOS AKTOR ATHENS
2024,120,95,PAN,P012774,"NUNN, KENDRICK",3FGA,Missed Three Pointer,0,345,627,I,0,0,0,9,01:44,13,15,20241205194511,120,"Dec 05, 2024",PARTIZAN MOZZART BET BELGRADE,PANATHINAIKOS AKTOR ATHENS
2024,120,125,PAN,P012774,"NUNN, KENDRICK",3FGA,Missed Three Pointer,0,12,715,I,0,0,0,12,08:46,20,23,20241205195314,120,"Dec 05, 2024",PARTIZAN MOZZART BET BELGRADE,PANATHINAIKOS AKTOR ATHENS
2024,120,238,PAN,P012774,"NUNN, KENDRICK",3FGA,Missed Three Pointer,0,677,188,I,0,0,0,20,00:12,41,37,20241205201106,120,"Dec 05, 2024",PARTIZAN MOZZART BET BELGRADE,PANATHINAIKOS AKTOR ATHENS
2024,120,271,PAN,P012774,"NUNN, KENDRICK",2FGM,Two Pointer,2,62,539,G,0,0,1,22,08:52,44,39,20241205203059,120,"Dec 05, 2024",PARTIZAN MOZZART BET BELGRADE,PANATHINAIKOS AKTOR ATHENS
2024,120,291,PAN,P012774,"NUNN, KENDRICK",3FGA,Missed Three Pointer,0,125,708,I,0,0,0,24,06:31,52,39,20241205203423,120,"Dec 05, 2024",PARTIZAN MOZZART BET BELGRADE,PANATHINAIKOS AKTOR ATHENS
2024,120,324,PAN,P012774,"NUNN, KENDRICK",2FGA,Missed Two Pointer,0,138,112,C,0,0,0,27,03:50,55,46,20241205204212,120,"Dec 05, 2024",PARTIZAN MOZZART BET BELGRADE,PANATHINAIKOS AKTOR ATHENS
2024,120,329,PAN,P012774,"NUNN, KENDRICK",3FGA,Missed Three Pointer,0,37,708,I,0,0,0,27,03:19,58,46,20241205204434,120,"Dec 05, 2024",PARTIZAN MOZZART BET BELGRADE,PANATHINAIKOS AKTOR ATHENS
2024,120,429,PAN,P012774,"NUNN, KENDRICK",3FGM,Three Pointer,3,-690,69,H,0,0,0,34,06:22,74,58,20241205210333,120,"Dec 05, 2024",PARTIZAN MOZZART BET BELGRADE,PANATHINAIKOS AKTOR ATHENS
2024,120,439,PAN,P012774,"NUNN, KENDRICK",2FGM,Two Pointer,2,87,62,C,0,0,0,35,05:09,79,60,20241205210450,120,"Dec 05, 2024",PARTIZAN MOZZART BET BELGRADE,PANATHINAIKOS AKTOR ATHENS
2024,120,446,PAN,P012774,"NUNN, KENDRICK",FTM,Free Throw In,1,-1,-1, ,0,0,0,35,05:09,79,61,20241205210524,120,"Dec 05, 2024",PARTIZAN MOZZART BET BELGRADE,PANATHINAIKOS AKTOR ATHENS
2024,120,450,PAN,P012774,"NUNN, KENDRICK",2FGM,Two Pointer,2,112,238,E,0,0,0,36,04:39,79,63,20241205210557,120,"Dec 05, 2024",PARTIZAN MOZZART BET BELGRADE,PANATHINAIKOS AKTOR ATHENS
2024,120,477,PAN,P012774,"NUNN, KENDRICK",3FGA,Missed Three Pointer,0,652,194,I,0,0,0,38,02:35,84,67,20241205211056,120,"Dec 05, 2024",PARTIZAN MOZZART BET BELGRADE,PANATHINAIKOS AKTOR ATHENS
2024,120,500,PAN,P012774,"NUNN, KENDRICK",2FGA,Missed Two Pointer,0,112,50,C,0,0,0,40,00:37,90,69,20241205211508,120,"Dec 05, 2024",PARTIZAN MOZZART BET BELGRADE,PANATHINAIKOS AKTOR ATHENS
2024,137,19,PAN,P012774,"NUNN, KENDRICK",3FGM,Three Pointer,3,-326,696,H,0,0,0,2,08:19,7,0,20241217191934,137,"Dec 17, 2024",PANATHINAIKOS AKTOR ATHENS,EA7 EMPORIO ARMANI MILAN
2024,137,40,PAN,P012774,"NUNN, KENDRICK",3FGM,Three Pointer,3,-87,740,H,1,0,0,4,06:53,12,0,20241217192247,137,"Dec 17, 2024",PANATHINAIKOS AKTOR ATHENS,EA7 EMPORIO ARMANI MILAN
2024,137,58,PAN,P012774,"NUNN, KENDRICK",3FGM,Three Pointer,3,476,545,I,0,0,0,5,05:03,17,2,20241217192643,137,"Dec 17, 2024",PANATHINAIKOS AKTOR ATHENS,EA7 EMPORIO ARMANI MILAN
2024,137,70,PAN,P012774,"NUNN, KENDRICK",3FGA,Missed Three Pointer,0,345,702,I,0,0,0,6,04:33,17,4,20241217192838,137,"Dec 17, 2024",PANATHINAIKOS AKTOR ATHENS,EA7 EMPORIO ARMANI MILAN
2024,137,89,PAN,P012774,"NUNN, KENDRICK",3FGM,Three Pointer,3,652,351,I,0,1,0,7,03:40,25,7,20241217193038,137,"Dec 17, 2024",PANATHINAIKOS AKTOR ATHENS,EA7 EMPORIO ARMANI MILAN
2024,137,92,PAN,P012774,"NUNN, KENDRICK",3FGM,Three Pointer,3,-181,734,H,0,0,1,7,03:03,28,7,20241217193124,137,"Dec 17, 2024",PANATHINAIKOS AKTOR ATHENS,EA7 EMPORIO ARMANI MILAN
2024,137,116,PAN,P012774,"NUNN, KENDRICK",3FGM,Three Pointer,3,-313,727,H,0,0,1,9,01:56,33,9,20241217193523,137,"Dec 17, 2024",PANATHINAIKOS AKTOR ATHENS,EA7 EMPORIO ARMANI MILAN
2024,137,127,PAN,P012774,"NUNN, KENDRICK",3FGM,Three Pointer,3,470,564,I,0,0,0,10,00:17,38,12,20241217193703,137,"Dec 17, 2024",PANATHINAIKOS AKTOR ATHENS,EA7 EMPORIO ARMANI MILAN
2024,137,138,PAN,P012774,"NUNN, KENDRICK",3FGA,Missed Three Pointer,0,426,646,I,0,0,0,11,09:25,38,15,20241217194021,137,"Dec 17, 2024",PANATHINAIKOS AKTOR ATHENS,EA7 EMPORIO ARMANI MILAN
2024,137,224,PAN,P012774,"NUNN, KENDRICK",FTM,Free Throw In,1,-1,-1, ,0,0,0,16,04:24,55,24,20241217195525,137,"Dec 17, 2024",PANATHINAIKOS AKTOR ATHENS,EA7 EMPORIO ARMANI MILAN
2024,137,225,PAN,P012774,"NUNN, KENDRICK",FTM,Free Throw In,1,-1,-1, ,0,0,0,16,04:24,56,24,20241217195537,137,"Dec 17, 2024",PANATHINAIKOS AKTOR ATHENS,EA7 EMPORIO ARMANI MILAN
2024,137,245,PAN,P012774,"NUNN, KENDRICK",FTM,Free Throw In,1,-1,-1, ,0,0,0,18,02:53,57,28,20241217195854,137,"Dec 17, 2024",PANATHINAIKOS AKTOR ATHENS,EA7 EMPORIO ARMANI MILAN
2024,137,251,PAN,P012774,"NUNN, KENDRICK",FTM,Free Throw In,1,-1,-1, ,0,1,0,18,02:50,58,28,20241217195956,137,"Dec 17, 2024",PANATHINAIKOS AKTOR ATHENS,EA7 EMPORIO ARMANI MILAN
2024,137,252,PAN,P012774,"NUNN, KENDRICK",FTM,Free Throw In,1,-1,-1, ,0,1,0,18,02:50,59,28,20241217200010,137,"Dec 17, 2024",PANATHINAIKOS AKTOR ATHENS,EA7 EMPORIO ARMANI MILAN
2024,137,254,PAN,P012774,"NUNN, KENDRICK",3FGA,Missed Three Pointer,0,-388,702,H,0,0,0,18,02:23,59,31,20241217200040,137,"Dec 17, 2024",PANATHINAIKOS AKTOR ATHENS,EA7 EMPORIO ARMANI MILAN
2024,137,288,PAN,P012774,"NUNN, KENDRICK",2FGM,Two Pointer,2,326,351,G,0,0,0,21,09:31,64,42,20241217202103,137,"Dec 17, 2024",PANATHINAIKOS AKTOR ATHENS,EA7 EMPORIO ARMANI MILAN
2024,137,308,PAN,P012774,"NUNN, KENDRICK",2FGM,Two Pointer,2,62,301,E,0,0,0,23,07:33,69,45,20241217202352,137,"Dec 17, 2024",PANATHINAIKOS AKTOR ATHENS,EA7 EMPORIO ARMANI MILAN
2024,137,314,PAN,P012774,"NUNN, KENDRICK",3FGA,Missed Three Pointer,0,244,690,I,0,0,0,23,08:00,69,46,20241217202520,137,"Dec 17, 2024",PANATHINAIKOS AKTOR ATHENS,EA7 EMPORIO ARMANI MILAN
2024,137,395,PAN,P012774,"NUNN, KENDRICK",2FGA,Missed Two Pointer,0,112,112,C,0,0,0,30,00:45,79,58,20241217203835,137,"Dec 17, 2024",PANATHINAIKOS AKTOR ATHENS,EA7 EMPORIO ARMANI MILAN
2024,137,403,PAN,P012774,"NUNN, KENDRICK",3FGM,Three Pointer,3,370,614,I,0,0,0,31,09:40,82,60,20241217204156,137,"Dec 17, 2024",PANATHINAIKOS AKTOR ATHENS,EA7 EMPORIO ARMANI MILAN
2024,137,418,PAN,P012774,"NUNN, KENDRICK",2FGM,Two Pointer,2,56,138,C,0,0,0,32,08:07,87,60,20241217204423,137,"Dec 17, 2024",PANATHINAIKOS AKTOR ATHENS,EA7 EMPORIO ARMANI MILAN
2024,137,439,PAN,P012774,"NUNN, KENDRICK",2FGA,Missed Two Pointer,0,-144,138,B,0,0,0,34,06:42,90,62,20241217204638,137,"Dec 17, 2024",PANATHINAIKOS AKTOR ATHENS,EA7 EMPORIO ARMANI MILAN
2024,137,463,PAN,P012774,"NUNN, KENDRICK",3FGA,Missed Three Pointer,0,-696,-56,H,0,0,0,35,05:02,94,62,20241217205121,137,"Dec 17, 2024",PANATHINAIKOS AKTOR ATHENS,EA7 EMPORIO ARMANI MILAN
2024,137,495,PAN,P012774,"NUNN, KENDRICK",FTM,Free Throw In,1,-1,-1, ,0,0,0,38,02:40,98,66,20241217205630,137,"Dec 17, 2024",PANATHINAIKOS AKTOR ATHENS,EA7 EMPORIO ARMANI MILAN
2024,137,496,PAN,P012774,"NUNN, KENDRICK",FTM,Free Throw In,1,-1,-1, ,0,0,0,38,02:40,99,66,20241217205643,137,"Dec 17, 2024",PANATHINAIKOS AKTOR ATHENS,EA7 EMPORIO ARMANI MILAN
2024,137,501,PAN,P012774,"NUNN, KENDRICK",3FGA,Missed Three Pointer,0,457,639,I,0,0,0,38,02:19,99,66,20241217205714,137,"Dec 17, 2024",PANATHINAIKOS AKTOR ATHENS,EA7 EMPORIO ARMANI MILAN
2024,137,503,PAN,P012774,"NUNN, KENDRICK",3FGA,Missed Three Pointer,0,138,765,I,0,0,0,38,02:16,99,66,20241217205718,137,"Dec 17, 2024",PANATHINAIKOS AKTOR ATHENS,EA7 EMPORIO ARMANI MILAN
2024,137,516,PAN,P012774,"NUNN, KENDRICK",2FGM,Two Pointer,2,-18,407,D,0,0,0,39,01:42,103,66,20241217205908,137,"Dec 17, 2024",PANATHINAIKOS AKTOR ATHENS,EA7 EMPORIO ARMANI MILAN
2024,137,531,PAN,P012774,"NUNN, KENDRICK",2FGA,Missed Two Pointer,0,-307,62,D,0,0,0,40,00:57,103,70,20241217210126,137,"Dec 17, 2024",PANATHINAIKOS AKTOR ATHENS,EA7 EMPORIO ARMANI MILAN
2024,137,537,PAN,P012774,"NUNN, KENDRICK",3FGA,Missed Three Pointer,0,526,495,I,0,0,0,40,00:36,103,70,20241217210148,137,"Dec 17, 2024",PANATHINAIKOS AKTOR ATHENS,EA7 EMPORIO ARMANI MILAN
2024,145,21,PAN,P012774,"NUNN, KENDRICK",2FGM,Two Pointer,2,62,119,C,1,0,0,2,08:02,6,2,20241219174824,145,"Dec 19, 2024",PANATHINAIKOS AKTOR ATHENS,BASKONIA VITORIA-GASTEIZ
2024,145,25,PAN,P012774,"NUNN, KENDRICK",2FGA,Missed Two Pointer,0,43,150,C,0,0,0,3,07:26,6,4,20241219174900,145,"Dec 19, 2024",PANATHINAIKOS AKTOR ATHENS,BASKONIA VITORIA-GASTEIZ
2024,145,33,PAN,P012774,"NUNN, KENDRICK",3FGA,Missed Three Pointer,0,-595,476,H,0,0,0,4,06:57,8,5,20241219175059,145,"Dec 19, 2024",PANATHINAIKOS AKTOR ATHENS,BASKONIA VITORIA-GASTEIZ
2024,145,37,PAN,P012774,"NUNN, KENDRICK",2FGM,Two Pointer,2,94,194,C,0,0,1,4,06:26,10,5,20241219175131,145,"Dec 19, 2024",PANATHINAIKOS AKTOR ATHENS,BASKONIA VITORIA-GASTEIZ
2024,145,40,PAN,P012774,"NUNN, KENDRICK",2FGM,Two Pointer,2,-25,194,B,1,0,1,4,06:01,12,5,20241219175156,145,"Dec 19, 2024",PANATHINAIKOS AKTOR ATHENS,BASKONIA VITORIA-GASTEIZ
2024,145,54,PAN,P012774,"NUNN, KENDRICK",3FGA,Missed Three Pointer,0,-250,765,H,0,0,0,6,04:41,15,8,20241219175456,145,"Dec 19, 2024",PANATHINAIKOS AKTOR ATHENS,BASKONIA VITORIA-GASTEIZ
2024,145,59,PAN,P012774,"NUNN, KENDRICK",2FGM,Two Pointer,2,100,69,C,1,0,0,6,04:06,19,8,20241219175531,145,"Dec 19, 2024",PANATHINAIKOS AKTOR ATHENS,BASKONIA VITORIA-GASTEIZ
2024,145,82,PAN,P012774,"NUNN, KENDRICK",3FGM,Three Pointer,3,-476,595,H,0,1,0,8,02:18,26,10,20241219175941,145,"Dec 19, 2024",PANATHINAIKOS AKTOR ATHENS,BASKONIA VITORIA-GASTEIZ
2024,145,90,PAN,P012774,"NUNN, KENDRICK",3FGM,Three Pointer,3,250,696,I,0,0,0,9,01:41,29,10,20241219180041,145,"Dec 19, 2024",PANATHINAIKOS AKTOR ATHENS,BASKONIA VITORIA-GASTEIZ
2024,145,104,PAN,P012774,"NUNN, KENDRICK",2FGA,Missed Two Pointer,0,-56,131,B,0,0,0,10,00:43,31,12,20241219180224,145,"Dec 19, 2024",PANATHINAIKOS AKTOR ATHENS,BASKONIA VITORIA-GASTEIZ
2024,145,200,PAN,P012774,"NUNN, KENDRICK",3FGM,Three Pointer,3,-683,-31,H,0,0,1,15,05:35,42,23,20241219181910,145,"Dec 19, 2024",PANATHINAIKOS AKTOR ATHENS,BASKONIA VITORIA-GASTEIZ
2024,145,233,PAN,P012774,"NUNN, KENDRICK",3FGA,Missed Three Pointer,0,595,388,I,0,0,0,17,03:09,46,27,20241219182324,145,"Dec 19, 2024",PANATHINAIKOS AKTOR ATHENS,BASKONIA VITORIA-GASTEIZ
2024,145,243,PAN,P012774,"NUNN, KENDRICK",3FGA,Missed Three Pointer,0,664,338,I,0,0,0,18,02:31,48,27,20241219182403,145,"Dec 19, 2024",PANATHINAIKOS AKTOR ATHENS,BASKONIA VITORIA-GASTEIZ
2024,145,279,PAN,P012774,"NUNN, KENDRICK",3FGM,Three Pointer,3,439,595,I,0,0,0,20,00:02,53,35,20241219182712,145,"Dec 19, 2024",PANATHINAIKOS AKTOR ATHENS,BASKONIA VITORIA-GASTEIZ
2024,145,319,PAN,P012774,"NUNN, KENDRICK",3FGA,Missed Three Pointer,0,-307,658,H,0,0,0,24,06:51,63,37,20241219185729,145,"Dec 19, 2024",PANATHINAIKOS AKTOR ATHENS,BASKONIA VITORIA-GASTEIZ
2024,145,337,PAN,P012774,"NUNN, KENDRICK",3FGM,Three Pointer,3,81,771,I,0,0,0,25,05:20,68,37,20241219185917,145,"Dec 19, 2024",PANATHINAIKOS AKTOR ATHENS,BASKONIA VITORIA-GASTEIZ
2024,145,359,PAN,P012774,"NUNN, KENDRICK",3FGA,Missed Three Pointer,0,-357,696,H,0,0,0,27,03:40,68,41,20241219190307,145,"Dec 19, 2024",PANATHINAIKOS AKTOR ATHENS,BASKONIA VITORIA-GASTEIZ
2024,145,425,PAN,P012774,"NUNN, KENDRICK",3FGM,Three Pointer,3,-495,558,H,0,0,0,31,09:15,79,57,20241219191811,145,"Dec 19, 2024",PANATHINAIKOS AKTOR ATHENS,BASKONIA VITORIA-GASTEIZ
2024,161,38,PAN,P012774,"NUNN, KENDRICK",3FGA,Missed Three Pointer,0,-363,627,H,0,0,0,4,06:56,9,0,20241227193828,161,"Dec 27, 2024",FC BAYERN MUNICH,PANATHINAIKOS AKTOR ATHENS
2024,161,44,PAN,P012774,"NUNN, KENDRICK",2FGM,Two Pointer,2,-131,388,D,0,0,0,4,06:05,9,4,20241227193925,161,"Dec 27, 2024",FC BAYERN MUNICH,PANATHINAIKOS AKTOR ATHENS
2024,161,63,PAN,P012774,"NUNN, KENDRICK",3FGA,Missed Three Pointer,0,238,765,I,0,0,0,6,04:15,13,7,20241227194304,161,"Dec 27, 2024",FC BAYERN MUNICH,PANATHINAIKOS AKTOR ATHENS
2024,161,68,PAN,P012774,"NUNN, KENDRICK",2FGA,Missed Two Pointer,0,200,112,C,0,0,0,7,03:53,13,7,20241227194335,161,"Dec 27, 2024",FC BAYERN MUNICH,PANATHINAIKOS AKTOR ATHENS
2024,161,143,PAN,P012774,"NUNN, KENDRICK",FTM,Free Throw In,1,-1,-1, ,0,0,0,11,09:46,16,14,20241227195439,161,"Dec 27, 2024",FC BAYERN MUNICH,PANATHINAIKOS AKTOR ATHENS
2024,161,144,PAN,P012774,"NUNN, KENDRICK",FTM,Free Throw In,1,-1,-1, ,0,0,0,11,09:46,16,15,20241227195452,161,"Dec 27, 2024",FC BAYERN MUNICH,PANATHINAIKOS AKTOR ATHENS
2024,161,147,PAN,P012774,"NUNN, KENDRICK",2FGA,Missed Two Pointer,0,-125,75,B,0,0,0,11,09:19,16,15,20241227195521,161,"Dec 27, 2024",FC BAYERN MUNICH,PANATHINAIKOS AKTOR ATHENS
2024,161,153,PAN,P012774,"NUNN, KENDRICK",2FGM,Two Pointer,2,-138,69,B,0,0,0,12,08:40,18,19,20241227195706,161,"Dec 27, 2024",FC BAYERN MUNICH,PANATHINAIKOS AKTOR ATHENS
2024,161,160,PAN,P012774,"NUNN, KENDRICK",FTM,Free Throw In,1,-1,-1, ,0,0,0,12,08:40,18,20,20241227195742,161,"Dec 27, 2024",FC BAYERN MUNICH,PANATHINAIKOS AKTOR ATHENS
2024,161,163,PAN,P012774,"NUNN, KENDRICK",2FGA,Missed Two Pointer,0,188,326,E,0,0,0,12,08:18,18,20,20241227195808,161,"Dec 27, 2024",FC BAYERN MUNICH,PANATHINAIKOS AKTOR ATHENS
2024,161,181,PAN,P012774,"NUNN, KENDRICK",2FGM,Two Pointer,2,31,31,C,1,0,1,13,07:25,18,24,20241227200115,161,"Dec 27, 2024",FC BAYERN MUNICH,PANATHINAIKOS AKTOR ATHENS
2024,161,216,PAN,P012774,"NUNN, KENDRICK",2FGM,Two Pointer,2,-138,112,B,1,0,0,16,04:44,23,32,20241227200518,161,"Dec 27, 2024",FC BAYERN MUNICH,PANATHINAIKOS AKTOR ATHENS
2024,161,289,PAN,P012774,"NUNN, KENDRICK",3FGA,Missed Three Pointer,0,702,62,I,0,0,0,20,00:49,34,32,20241227201542,161,"Dec 27, 2024",FC BAYERN MUNICH,PANATHINAIKOS AKTOR ATHENS
2024,161,293,PAN,P012774,"NUNN, KENDRICK",3FGA,Missed Three Pointer,0,564,470,I,0,0,0,20,00:18,36,32,20241227201611,161,"Dec 27, 2024",FC BAYERN MUNICH,PANATHINAIKOS AKTOR ATHENS
2024,161,305,PAN,P012774,"NUNN, KENDRICK",3FGM,Three Pointer,3,-263,702,H,0,0,0,21,09:37,36,35,20241227203241,161,"Dec 27, 2024",FC BAYERN MUNICH,PANATHINAIKOS AKTOR ATHENS
2024,161,308,PAN,P012774,"NUNN, KENDRICK",2FGM,Two Pointer,2,-87,181,B,0,0,1,21,09:05,36,37,20241227203330,161,"Dec 27, 2024",FC BAYERN MUNICH,PANATHINAIKOS AKTOR ATHENS
2024,161,364,PAN,P012774,"NUNN, KENDRICK",2FGM,Two Pointer,2,-100,119,B,1,0,0,25,05:07,43,43,20241227204235,161,"Dec 27, 2024",FC BAYERN MUNICH,PANATHINAIKOS AKTOR ATHENS
2024,161,368,PAN,P012774,"NUNN, KENDRICK",2FGA,Missed Two Pointer,0,31,156,C,0,0,0,26,04:47,43,43,20241227204255,161,"Dec 27, 2024",FC BAYERN MUNICH,PANATHINAIKOS AKTOR ATHENS
2024,161,391,PAN,P012774,"NUNN, KENDRICK",3FGM,Three Pointer,3,188,690,I,0,0,0,27,03:24,46,48,20241227204639,161,"Dec 27, 2024",FC BAYERN MUNICH,PANATHINAIKOS AKTOR ATHENS
2024,161,410,PAN,P012774,"NUNN, KENDRICK",3FGA,Missed Three Pointer,0,-326,752,H,0,0,0,29,01:34,49,52,20241227204959,161,"Dec 27, 2024",FC BAYERN MUNICH,PANATHINAIKOS AKTOR ATHENS
2024,161,423,PAN,P012774,"NUNN, KENDRICK",2FGA,Missed Two Pointer,0,338,345,G,0,0,0,30,00:38,51,52,20241227205127,161,"Dec 27, 2024",FC BAYERN MUNICH,PANATHINAIKOS AKTOR ATHENS
2024,161,453,PAN,P012774,"NUNN, KENDRICK",3FGM,Three Pointer,3,-526,495,H,0,0,0,33,07:56,58,61,20241227205820,161,"Dec 27, 2024",FC BAYERN MUNICH,PANATHINAIKOS AKTOR ATHENS
2024,161,468,PAN,P012774,"NUNN, KENDRICK",3FGA,Missed Three Pointer,0,301,664,I,0,0,0,34,06:56,61,63,20241227210153,161,"Dec 27, 2024",FC BAYERN MUNICH,PANATHINAIKOS AKTOR ATHENS
2024,161,488,PAN,P012774,"NUNN, KENDRICK",3FGA,Missed Three Pointer,0,12,752,I,0,0,0,35,05:46,64,66,20241227210701,161,"Dec 27, 2024",FC BAYERN MUNICH,PANATHINAIKOS AKTOR ATHENS
2024,161,509,PAN,P012774,"NUNN, KENDRICK",2FGA,Missed Two Pointer,0,-119,56,B,0,0,0,37,03:44,67,69,20241227211041,161,"Dec 27, 2024",FC BAYERN MUNICH,PANATHINAIKOS AKTOR ATHENS
2024,161,522,PAN,P012774,"NUNN, KENDRICK",3FGM,Three Pointer,3,-345,671,H,0,0,0,38,02:08,67,78,20241227211500,161,"Dec 27, 2024",FC BAYERN MUNICH,PANATHINAIKOS AKTOR ATHENS
2024,161,541,PAN,P012774,"NUNN, KENDRICK",3FGA,Missed Three Pointer,0,-338,715,H,0,0,0,40,00:21,69,78,20241227212025,161,"Dec 27, 2024",FC BAYERN MUNICH,PANATHINAIKOS AKTOR ATHENS
2024,168,26,PAN,P012774,"NUNN, KENDRICK",3FGA,Missed Three Pointer,0,-294,683,H,0,0,0,3,07:39,4,2,20250103191905,168,"Jan 03, 2025",PANATHINAIKOS AKTOR ATHENS,VIRTUS SEGAFREDO BOLOGNA
2024,168,62,PAN,P012774,"NUNN, KENDRICK",3FGM,Three Pointer,3,545,457,I,0,0,0,6,04:21,16,10,20250103192439,168,"Jan 03, 2025",PANATHINAIKOS AKTOR ATHENS,VIRTUS SEGAFREDO BOLOGNA
2024,168,90,PAN,P012774,"NUNN, KENDRICK",FTM,Free Throw In,1,-1,-1, ,0,0,0,8,02:27,20,17,20250103192954,168,"Jan 03, 2025",PANATHINAIKOS AKTOR ATHENS,VIRTUS SEGAFREDO BOLOGNA
2024,168,91,PAN,P012774,"NUNN, KENDRICK",FTM,Free Throw In,1,-1,-1, ,0,0,0,8,02:27,21,17,20250103193007,168,"Jan 03, 2025",PANATHINAIKOS AKTOR ATHENS,VIRTUS SEGAFREDO BOLOGNA
2024,168,99,PAN,P012774,"NUNN, KENDRICK",2FGM,Two Pointer,2,163,225,E,0,0,1,9,01:10,26,20,20250103193149,168,"Jan 03, 2025",PANATHINAIKOS AKTOR ATHENS,VIRTUS SEGAFREDO BOLOGNA
2024,168,115,PAN,P012774,"NUNN, KENDRICK",3FGA,Missed Three Pointer,0,-106,759,H,0,0,0,10,01:00,28,23,20250103193532,168,"Jan 03, 2025",PANATHINAIKOS AKTOR ATHENS,VIRTUS SEGAFREDO BOLOGNA
2024,168,138,PAN,P012774,"NUNN, KENDRICK",2FGM,Two Pointer,2,-12,150,B,0,0,0,12,08:11,32,28,20250103193954,168,"Jan 03, 2025",PANATHINAIKOS AKTOR ATHENS,VIRTUS SEGAFREDO BOLOGNA
2024,168,169,PAN,P012774,"NUNN, KENDRICK",2FGM,Two Pointer,2,-87,81,B,1,0,0,15,05:41,36,33,20250103194353,168,"Jan 03, 2025",PANATHINAIKOS AKTOR ATHENS,VIRTUS SEGAFREDO BOLOGNA
2024,168,294,PAN,P012774,"NUNN, KENDRICK",3FGM,Three Pointer,3,-219,740,H,0,0,0,23,07:04,64,49,20250103202033,168,"Jan 03, 2025",PANATHINAIKOS AKTOR ATHENS,VIRTUS SEGAFREDO BOLOGNA
2024,168,315,PAN,P012774,"NUNN, KENDRICK",3FGA,Missed Three Pointer,0,144,746,I,0,0,0,25,05:46,67,51,20250103202516,168,"Jan 03, 2025",PANATHINAIKOS AKTOR ATHENS,VIRTUS SEGAFREDO BOLOGNA
2024,168,354,PAN,P012774,"NUNN, KENDRICK",2FGM,Two Pointer,2,119,250,E,1,0,0,27,03:20,71,57,20250103203102,168,"Jan 03, 2025",PANATHINAIKOS AKTOR ATHENS,VIRTUS SEGAFREDO BOLOGNA
2024,168,427,PAN,P012774,"NUNN, KENDRICK",3FGA,Missed Three Pointer,0,-106,765,H,0,0,0,33,07:50,79,69,20250103204356,168,"Jan 03, 2025",PANATHINAIKOS AKTOR ATHENS,VIRTUS SEGAFREDO BOLOGNA
2024,168,436,PAN,P012774,"NUNN, KENDRICK",2FGA,Missed Two Pointer,0,43,338,E,0,0,0,33,07:08,79,71,20250103204532,168,"Jan 03, 2025",PANATHINAIKOS AKTOR ATHENS,VIRTUS SEGAFREDO BOLOGNA
2024,168,439,PAN,P012774,"NUNN, KENDRICK",2FGM,Two Pointer,2,119,119,C,0,1,0,34,06:52,81,71,20250103204546,168,"Jan 03, 2025",PANATHINAIKOS AKTOR ATHENS,VIRTUS SEGAFREDO BOLOGNA
2024,168,449,PAN,P012774,"NUNN, KENDRICK",3FGM,Three Pointer,3,112,715,I,0,0,0,34,06:15,84,75,20250103204730,168,"Jan 03, 2025",PANATHINAIKOS AKTOR ATHENS,VIRTUS SEGAFREDO BOLOGNA
2024,168,453,PAN,P012774,"NUNN, KENDRICK",3FGM,Three Pointer,3,-37,727,H,0,0,0,35,05:43,87,78,20250103204802,168,"Jan 03, 2025",PANATHINAIKOS AKTOR ATHENS,VIRTUS SEGAFREDO BOLOGNA
2024,168,465,PAN,P012774,"NUNN, KENDRICK",3FGM,Three Pointer,3,269,715,I,0,0,0,36,04:46,93,80,20250103204946,168,"Jan 03, 2025",PANATHINAIKOS AKTOR ATHENS,VIRTUS SEGAFREDO BOLOGNA
2024,174,21,PAN,P012774,"NUNN, KENDRICK",3FGA,Missed Three Pointer,0,-238,727,H,0,0,0,2,08:33,0,2,20250109191800,174,"Jan 09, 2025",PANATHINAIKOS AKTOR ATHENS,PARTIZAN MOZZART BET BELGRADE
2024,174,64,PAN,P012774,"NUNN, KENDRICK",2FGM,Two Pointer,2,-18,106,B,0,0,0,5,05:19,8,8,20250109192416,174,"Jan 09, 2025",PANATHINAIKOS AKTOR ATHENS,PARTIZAN MOZZART BET BELGRADE
2024,174,67,PAN,P012774,"NUNN, KENDRICK",FTM,Free Throw In,1,-1,-1, ,0,0,0,5,05:19,9,8,20250109192445,174,"Jan 09, 2025",PANATHINAIKOS AKTOR ATHENS,PARTIZAN MOZZART BET BELGRADE
2024,174,100,PAN,P012774,"NUNN, KENDRICK",2FGM,Two Pointer,2,-250,426,F,0,0,0,8,02:31,15,11,20250109193243,174,"Jan 09, 2025",PANATHINAIKOS AKTOR ATHENS,PARTIZAN MOZZART BET BELGRADE
2024,174,137,PAN,P012774,"NUNN, KENDRICK",2FGM,Two Pointer,2,94,533,G,0,1,0,10,00:23,23,13,20250109193816,174,"Jan 09, 2025",PANATHINAIKOS AKTOR ATHENS,PARTIZAN MOZZART BET BELGRADE
2024,174,183,PAN,P012774,"NUNN, KENDRICK",2FGM,Two Pointer,2,-50,583,F,0,0,0,13,07:07,29,19,20250109194634,174,"Jan 09, 2025",PANATHINAIKOS AKTOR ATHENS,PARTIZAN MOZZART BET BELGRADE
2024,174,189,PAN,P012774,"NUNN, KENDRICK",3FGA,Missed Three Pointer,0,-658,326,H,0,0,0,14,06:26,29,21,20250109194716,174,"Jan 09, 2025",PANATHINAIKOS AKTOR ATHENS,PARTIZAN MOZZART BET BELGRADE
2024,174,199,PAN,P012774,"NUNN, KENDRICK",3FGM,Three Pointer,3,-514,545,H,0,0,0,15,05:43,32,23,20250109194800,174,"Jan 09, 2025",PANATHINAIKOS AKTOR ATHENS,PARTIZAN MOZZART BET BELGRADE
2024,174,219,PAN,P012774,"NUNN, KENDRICK",2FGA,Missed Two Pointer,0,207,357,E,0,0,0,16,04:55,33,23,20250109195342,174,"Jan 09, 2025",PANATHINAIKOS AKTOR ATHENS,PARTIZAN MOZZART BET BELGRADE
2024,174,272,PAN,P012774,"NUNN, KENDRICK",3FGM,Three Pointer,3,633,301,I,0,1,0,19,01:51,43,30,20250109200105,174,"Jan 09, 2025",PANATHINAIKOS AKTOR ATHENS,PARTIZAN MOZZART BET BELGRADE
2024,174,284,PAN,P012774,"NUNN, KENDRICK",3FGM,Three Pointer,3,-451,589,H,1,0,0,20,00:59,46,33,20250109200158,174,"Jan 09, 2025",PANATHINAIKOS AKTOR ATHENS,PARTIZAN MOZZART BET BELGRADE
2024,174,303,PAN,P012774,"NUNN, KENDRICK",2FGA,Missed Two Pointer,0,-269,238,D,0,0,0,21,09:01,51,40,20250109201933,174,"Jan 09, 2025",PANATHINAIKOS AKTOR ATHENS,PARTIZAN MOZZART BET BELGRADE
2024,174,376,PAN,P012774,"NUNN, KENDRICK",2FGM,Two Pointer,2,-6,263,D,0,0,0,27,03:55,62,53,20250109203155,174,"Jan 09, 2025",PANATHINAIKOS AKTOR ATHENS,PARTIZAN MOZZART BET BELGRADE
2024,174,404,PAN,P012774,"NUNN, KENDRICK",2FGM,Two Pointer,2,163,319,E,0,0,0,29,01:47,68,58,20250109203645,174,"Jan 09, 2025",PANATHINAIKOS AKTOR ATHENS,PARTIZAN MOZZART BET BELGRADE
2024,174,486,PAN,P012774,"NUNN, KENDRICK",3FGM,Three Pointer,3,683,69,I,0,0,0,34,06:10,86,68,20250109205306,174,"Jan 09, 2025",PANATHINAIKOS AKTOR ATHENS,PARTIZAN MOZZART BET BELGRADE
2024,174,500,PAN,P012774,"NUNN, KENDRICK",3FGA,Missed Three Pointer,0,131,771,I,0,0,0,36,04:50,90,71,20250109205614,174,"Jan 09, 2025",PANATHINAIKOS AKTOR ATHENS,PARTIZAN MOZZART BET BELGRADE
2024,174,554,PAN,P012774,"NUNN, KENDRICK",3FGA,Missed Three Pointer,0,-558,570,H,0,0,0,40,00:27,94,84,20250109210522,174,"Jan 09, 2025",PANATHINAIKOS AKTOR ATHENS,PARTIZAN MOZZART BET BELGRADE
2024,188,41,PAN,P012774,"NUNN, KENDRICK",2FGM,Two Pointer,2,69,332,E,0,0,0,4,06:19,8,11,20250115193504,188,"Jan 15, 2025",FC BARCELONA,PANATHINAIKOS AKTOR ATHENS
2024,188,68,PAN,P012774,"NUNN, KENDRICK",3FGA,Missed Three Pointer,0,432,558,I,0,0,0,6,04:16,12,12,20250115193900,188,"Jan 15, 2025",FC BARCELONA,PANATHINAIKOS AKTOR ATHENS
2024,188,85,PAN,P012774,"NUNN, KENDRICK",3FGM,Three Pointer,3,357,683,I,0,0,1,7,03:32,12,15,20250115194131,188,"Jan 15, 2025",FC BARCELONA,PANATHINAIKOS AKTOR ATHENS
2024,188,117,PAN,P012774,"NUNN, KENDRICK",2FGA,Missed Two Pointer,0,131,426,G,0,0,0,10,01:00,18,21,20250115194618,188,"Jan 15, 2025",FC BARCELONA,PANATHINAIKOS AKTOR ATHENS
2024,188,150,PAN,P012774,"NUNN, KENDRICK",3FGA,Missed Three Pointer,0,119,746,I,0,0,0,13,07:25,26,23,20250115195302,188,"Jan 15, 2025",FC BARCELONA,PANATHINAIKOS AKTOR ATHENS
2024,188,221,PAN,P012774,"NUNN, KENDRICK",2FGA,Missed Two Pointer,0,363,125,E,0,0,0,18,02:10,30,34,20250115200639,188,"Jan 15, 2025",FC BARCELONA,PANATHINAIKOS AKTOR ATHENS
2024,188,266,PAN,P012774,"NUNN, KENDRICK",2FGA,Missed Two Pointer,0,-225,112,B,0,0,0,21,09:09,33,38,20250115202937,188,"Jan 15, 2025",FC BARCELONA,PANATHINAIKOS AKTOR ATHENS
2024,188,283,PAN,P012774,"NUNN, KENDRICK",2FGA,Missed Two Pointer,0,276,332,E,0,0,0,22,08:18,33,41,20250115203128,188,"Jan 15, 2025",FC BARCELONA,PANATHINAIKOS AKTOR ATHENS
2024,188,288,PAN,P012774,"NUNN, KENDRICK",2FGA,Missed Two Pointer,0,-119,94,B,0,0,0,23,07:49,33,41,20250115203158,188,"Jan 15, 2025",FC BARCELONA,PANATHINAIKOS AKTOR ATHENS
2024,188,373,PAN,P012774,"NUNN, KENDRICK",3FGA,Missed Three Pointer,0,-363,639,H,0,0,0,29,01:41,56,49,20250115204926,188,"Jan 15, 2025",FC BARCELONA,PANATHINAIKOS AKTOR ATHENS
2024,188,412,PAN,P012774,"NUNN, KENDRICK",3FGA,Missed Three Pointer,0,-671,169,H,0,0,0,31,09:08,62,52,20250115205808,188,"Jan 15, 2025",FC BARCELONA,PANATHINAIKOS AKTOR ATHENS
2024,188,416,PAN,P012774,"NUNN, KENDRICK",3FGA,Missed Three Pointer,0,319,671,I,0,0,0,32,08:53,62,52,20250115210046,188,"Jan 15, 2025",FC BARCELONA,PANATHINAIKOS AKTOR ATHENS
2024,188,425,PAN,P012774,"NUNN, KENDRICK",2FGM,Two Pointer,2,-232,94,B,0,0,1,32,08:02,62,56,20250115210159,188,"Jan 15, 2025",FC BARCELONA,PANATHINAIKOS AKTOR ATHENS
2024,188,481,PAN,P012774,"NUNN, KENDRICK",2FGA,Missed Two Pointer,0,326,238,E,0,0,0,37,03:50,71,62,20250115211129,188,"Jan 15, 2025",FC BARCELONA,PANATHINAIKOS AKTOR ATHENS
2024,188,483,PAN,P012774,"NUNN, KENDRICK",3FGA,Missed Three Pointer,0,250,696,I,0,0,0,37,03:36,71,62,20250115211143,188,"Jan 15, 2025",FC BARCELONA,PANATHINAIKOS AKTOR ATHENS
2024,196,21,PAN,P012774,"NUNN, KENDRICK",FTM,Free Throw In,1,-1,-1, ,0,1,0,1,09:12,2,1,20250117193137,196,"Jan 17, 2025",BASKONIA VITORIA-GASTEIZ,PANATHINAIKOS AKTOR ATHENS
2024,196,22,PAN,P012774,"NUNN, KENDRICK",FTM,Free Throw In,1,-1,-1, ,0,1,0,1,09:12,2,2,20250117193153,196,"Jan 17, 2025",BASKONIA VITORIA-GASTEIZ,PANATHINAIKOS AKTOR ATHENS
2024,196,220,PAN,P012774,"NUNN, KENDRICK",3FGA,Missed Three Pointer,0,564,702,I,0,0,0,16,04:23,32,28,20250117200151,196,"Jan 17, 2025",BASKONIA VITORIA-GASTEIZ,PANATHINAIKOS AKTOR ATHENS
2024,196,237,PAN,P012774,"NUNN, KENDRICK",2FGA,Missed Two Pointer,0,-100,144,B,0,0,0,18,02:36,35,32,20250117200522,196,"Jan 17, 2025",BASKONIA VITORIA-GASTEIZ,PANATHINAIKOS AKTOR ATHENS
2024,196,286,PAN,P012774,"NUNN, KENDRICK",2FGM,Two Pointer,2,-232,75,B,0,0,0,21,09:34,48,40,20250117202616,196,"Jan 17, 2025",BASKONIA VITORIA-GASTEIZ,PANATHINAIKOS AKTOR ATHENS
2024,196,289,PAN,P012774,"NUNN, KENDRICK",3FGM,Three Pointer,3,-639,407,H,0,0,0,21,09:07,48,43,20250117202643,196,"Jan 17, 2025",BASKONIA VITORIA-GASTEIZ,PANATHINAIKOS AKTOR ATHENS
2024,196,320,PAN,P012774,"NUNN, KENDRICK",3FGA,Missed Three Pointer,0,-175,803,H,0,0,0,24,06:18,53,46,20250117203056,196,"Jan 17, 2025",BASKONIA VITORIA-GASTEIZ,PANATHINAIKOS AKTOR ATHENS
2024,196,343,PAN,P012774,"NUNN, KENDRICK",2FGA,Missed Two Pointer,0,-213,307,D,0,0,0,26,04:36,55,51,20250117203421,196,"Jan 17, 2025",BASKONIA VITORIA-GASTEIZ,PANATHINAIKOS AKTOR ATHENS
2024,196,414,PAN,P012774,"NUNN, KENDRICK",3FGA,Missed Three Pointer,0,-357,1072,H,0,0,0,30,01:00,70,57,20250117204521,196,"Jan 17, 2025",BASKONIA VITORIA-GASTEIZ,PANATHINAIKOS AKTOR ATHENS
2024,200,12,PAN,P012774,"NUNN, KENDRICK",2FGA,Missed Two Pointer,0,-94,87,B,0,0,0,2,08:40,2,5,20250123191731,200,"Jan 23, 2025",PANATHINAIKOS AKTOR ATHENS,ZALGIRIS KAUNAS
2024,200,31,PAN,P012774,"NUNN, KENDRICK",3FGA,Missed Three Pointer,0,690,31,I,0,0,0,3,07:12,6,9,20250123192150,200,"Jan 23, 2025",PANATHINAIKOS AKTOR ATHENS,ZALGIRIS KAUNAS
2024,200,47,PAN,P012774,"NUNN, KENDRICK",2FGM,Two Pointer,2,-175,332,D,1,0,0,5,05:37,8,11,20250123192355,200,"Jan 23, 2025",PANATHINAIKOS AKTOR ATHENS,ZALGIRIS KAUNAS
2024,200,120,PAN,P012774,"NUNN, KENDRICK",3FGA,Missed Three Pointer,0,131,715,I,0,0,0,9,01:06,16,20,20250123193514,200,"Jan 23, 2025",PANATHINAIKOS AKTOR ATHENS,ZALGIRIS KAUNAS
2024,200,157,PAN,P012774,"NUNN, KENDRICK",2FGA,Missed Two Pointer,0,69,150,C,0,0,0,11,09:41,17,25,20250123194220,200,"Jan 23, 2025",PANATHINAIKOS AKTOR ATHENS,ZALGIRIS KAUNAS
2024,200,168,PAN,P012774,"NUNN, KENDRICK",2FGM,Two Pointer,2,106,87,C,0,0,0,11,09:17,19,26,20250123194524,200,"Jan 23, 2025",PANATHINAIKOS AKTOR ATHENS,ZALGIRIS KAUNAS
2024,200,178,PAN,P012774,"NUNN, KENDRICK",FTM,Free Throw In,1,-1,-1, ,0,0,0,12,08:48,20,28,20250123194629,200,"Jan 23, 2025",PANATHINAIKOS AKTOR ATHENS,ZALGIRIS KAUNAS
2024,200,181,PAN,P012774,"NUNN, KENDRICK",FTM,Free Throw In,1,-1,-1, ,0,0,0,12,08:48,22,28,20250123194730,200,"Jan 23, 2025",PANATHINAIKOS AKTOR ATHENS,ZALGIRIS KAUNAS
2024,200,200,PAN,P012774,"NUNN, KENDRICK",2FGA,Missed Two Pointer,0,-175,112,B,0,0,0,13,07:40,22,30,20250123195010,200,"Jan 23, 2025",PANATHINAIKOS AKTOR ATHENS,ZALGIRIS KAUNAS
2024,200,219,PAN,P012774,"NUNN, KENDRICK",2FGM,Two Pointer,2,-87,407,D,0,0,0,14,06:26,26,32,20250123195456,200,"Jan 23, 2025",PANATHINAIKOS AKTOR ATHENS,ZALGIRIS KAUNAS
2024,200,226,PAN,P012774,"NUNN, KENDRICK",3FGA,Missed Three Pointer,0,683,25,I,0,0,0,15,05:19,26,36,20250123195615,200,"Jan 23, 2025",PANATHINAIKOS AKTOR ATHENS,ZALGIRIS KAUNAS
2024,200,233,PAN,P012774,"NUNN, KENDRICK",2FGA,Missed Two Pointer,0,-75,112,B,0,0,0,16,04:57,26,38,20250123195828,200,"Jan 23, 2025",PANATHINAIKOS AKTOR ATHENS,ZALGIRIS KAUNAS
2024,200,235,PAN,P012774,"NUNN, KENDRICK",3FGM,Three Pointer,3,-558,457,H,0,1,0,16,04:49,29,38,20250123195855,200,"Jan 23, 2025",PANATHINAIKOS AKTOR ATHENS,ZALGIRIS KAUNAS
2024,200,239,PAN,P012774,"NUNN, KENDRICK",2FGA,Missed Two Pointer,0,-81,276,D,0,0,0,16,04:28,29,38,20250123195927,200,"Jan 23, 2025",PANATHINAIKOS AKTOR ATHENS,ZALGIRIS KAUNAS
2024,200,286,PAN,P012774,"NUNN, KENDRICK",3FGA,Missed Three Pointer,0,119,715,I,0,0,0,20,00:59,31,49,20250123200859,200,"Jan 23, 2025",PANATHINAIKOS AKTOR ATHENS,ZALGIRIS KAUNAS
2024,200,314,PAN,P012774,"NUNN, KENDRICK",2FGA,Missed Two Pointer,0,156,276,E,0,0,0,21,09:43,34,51,20250123203029,200,"Jan 23, 2025",PANATHINAIKOS AKTOR ATHENS,ZALGIRIS KAUNAS
2024,200,319,PAN,P012774,"NUNN, KENDRICK",2FGA,Missed Two Pointer,0,43,225,E,0,0,0,22,08:59,36,51,20250123203126,200,"Jan 23, 2025",PANATHINAIKOS AKTOR ATHENS,ZALGIRIS KAUNAS
2024,200,326,PAN,P012774,"NUNN, KENDRICK",2FGA,Missed Two Pointer,0,100,188,C,0,0,0,22,08:34,36,51,20250123203311,200,"Jan 23, 2025",PANATHINAIKOS AKTOR ATHENS,ZALGIRIS KAUNAS
2024,200,341,PAN,P012774,"NUNN, KENDRICK",3FGM,Three Pointer,3,-457,621,H,0,0,0,24,06:29,44,57,20250123203723,200,"Jan 23, 2025",PANATHINAIKOS AKTOR ATHENS,ZALGIRIS KAUNAS
2024,200,371,PAN,P012774,"NUNN, KENDRICK",2FGA,Missed Two Pointer,0,100,112,C,0,0,0,26,04:34,48,58,20250123204315,200,"Jan 23, 2025",PANATHINAIKOS AKTOR ATHENS,ZALGIRIS KAUNAS
2024,200,375,PAN,P012774,"NUNN, KENDRICK",2FGM,Two Pointer,2,388,18,E,0,1,0,26,04:30,50,58,20250123204332,200,"Jan 23, 2025",PANATHINAIKOS AKTOR ATHENS,ZALGIRIS KAUNAS
2024,200,421,PAN,P012774,"NUNN, KENDRICK",3FGA,Missed Three Pointer,0,-401,633,H,0,0,0,29,01:07,57,70,20250123205636,200,"Jan 23, 2025",PANATHINAIKOS AKTOR ATHENS,ZALGIRIS KAUNAS
2024,200,444,PAN,P012774,"NUNN, KENDRICK",3FGM,Three Pointer,3,250,1085,I,1,0,0,30,01:00,60,70,20250123205847,200,"Jan 23, 2025",PANATHINAIKOS AKTOR ATHENS,ZALGIRIS KAUNAS
2024,200,462,PAN,P012774,"NUNN, KENDRICK",2FGM,Two Pointer,2,-62,119,B,0,0,0,32,08:45,65,70,20250123210253,200,"Jan 23, 2025",PANATHINAIKOS AKTOR ATHENS,ZALGIRIS KAUNAS
2024,200,471,PAN,P012774,"NUNN, KENDRICK",2FGM,Two Pointer,2,-43,94,B,0,1,0,32,08:40,67,70,20250123210343,200,"Jan 23, 2025",PANATHINAIKOS AKTOR ATHENS,ZALGIRIS KAUNAS
2024,200,568,PAN,P012774,"NUNN, KENDRICK",2FGM,Two Pointer,2,288,119,E,0,0,1,38,02:40,87,72,20250123212314,200,"Jan 23, 2025",PANATHINAIKOS AKTOR ATHENS,ZALGIRIS KAUNAS
2024,200,573,PAN,P012774,"NUNN, KENDRICK",FTM,Free Throw In,1,-1,-1, ,0,0,1,38,02:40,88,72,20250123212349,200,"Jan 23, 2025",PANATHINAIKOS AKTOR ATHENS,ZALGIRIS KAUNAS
2024,210,15,PAN,P012774,"NUNN, KENDRICK",2FGM,Two Pointer,2,-119,420,F,0,0,0,2,08:51,3,2,20250130193120,210,"Jan 30, 2025",EA7 EMPORIO ARMANI MILAN,PANATHINAIKOS AKTOR ATHENS
2024,210,44,PAN,P012774,"NUNN, KENDRICK",3FGM,Three Pointer,3,-457,583,H,0,0,0,4,06:10,7,9,20250130193456,210,"Jan 30, 2025",EA7 EMPORIO ARMANI MILAN,PANATHINAIKOS AKTOR ATHENS
2024,210,57,PAN,P012774,"NUNN, KENDRICK",2FGA,Missed Two Pointer,0,232,269,E,0,0,0,6,04:18,10,11,20250130193650,210,"Jan 30, 2025",EA7 EMPORIO ARMANI MILAN,PANATHINAIKOS AKTOR ATHENS
2024,210,71,PAN,P012774,"NUNN, KENDRICK",3FGA,Missed Three Pointer,0,-18,721,H,0,0,0,7,03:49,13,11,20250130194134,210,"Jan 30, 2025",EA7 EMPORIO ARMANI MILAN,PANATHINAIKOS AKTOR ATHENS
2024,210,91,PAN,P012774,"NUNN, KENDRICK",3FGM,Three Pointer,3,18,708,I,0,0,1,8,02:18,15,14,20250130194432,210,"Jan 30, 2025",EA7 EMPORIO ARMANI MILAN,PANATHINAIKOS AKTOR ATHENS
2024,210,116,PAN,P012774,"NUNN, KENDRICK",3FGA,Missed Three Pointer,0,439,583,I,0,0,0,10,00:18,17,16,20250130194825,210,"Jan 30, 2025",EA7 EMPORIO ARMANI MILAN,PANATHINAIKOS AKTOR ATHENS
2024,210,222,PAN,P012774,"NUNN, KENDRICK",2FGA,Missed Two Pointer,0,-125,50,B,0,0,0,18,02:50,33,31,20250130200623,210,"Jan 30, 2025",EA7 EMPORIO ARMANI MILAN,PANATHINAIKOS AKTOR ATHENS
2024,210,226,PAN,P012774,"NUNN, KENDRICK",2FGM,Two Pointer,2,69,37,C,1,0,1,18,02:41,33,33,20250130200632,210,"Jan 30, 2025",EA7 EMPORIO ARMANI MILAN,PANATHINAIKOS AKTOR ATHENS
2024,210,279,PAN,P012774,"NUNN, KENDRICK",2FGA,Missed Two Pointer,0,69,200,C,0,0,0,21,09:02,41,39,20250130203040,210,"Jan 30, 2025",EA7 EMPORIO ARMANI MILAN,PANATHINAIKOS AKTOR ATHENS
2024,210,284,PAN,P012774,"NUNN, KENDRICK",2FGA,Missed Two Pointer,0,75,200,C,0,0,0,22,08:57,41,39,20250130203045,210,"Jan 30, 2025",EA7 EMPORIO ARMANI MILAN,PANATHINAIKOS AKTOR ATHENS
2024,210,314,PAN,P012774,"NUNN, KENDRICK",2FGM,Two Pointer,2,106,50,C,0,0,0,24,06:13,50,45,20250130203719,210,"Jan 30, 2025",EA7 EMPORIO ARMANI MILAN,PANATHINAIKOS AKTOR ATHENS
2024,210,320,PAN,P012774,"NUNN, KENDRICK",3FGA,Missed Three Pointer,0,370,715,I,0,0,0,25,05:37,51,45,20250130203845,210,"Jan 30, 2025",EA7 EMPORIO ARMANI MILAN,PANATHINAIKOS AKTOR ATHENS
2024,210,432,PAN,P012774,"NUNN, KENDRICK",2FGA,Missed Two Pointer,0,-138,56,B,0,0,0,31,09:41,66,50,20250130205709,210,"Jan 30, 2025",EA7 EMPORIO ARMANI MILAN,PANATHINAIKOS AKTOR ATHENS
2024,210,436,PAN,P012774,"NUNN, KENDRICK",2FGA,Missed Two Pointer,0,-501,169,F,0,0,0,31,09:35,66,50,20250130205736,210,"Jan 30, 2025",EA7 EMPORIO ARMANI MILAN,PANATHINAIKOS AKTOR ATHENS
2024,210,465,PAN,P012774,"NUNN, KENDRICK",3FGM,Three Pointer,3,-677,25,H,0,0,0,34,06:01,74,62,20250130210153,210,"Jan 30, 2025",EA7 EMPORIO ARMANI MILAN,PANATHINAIKOS AKTOR ATHENS
2024,210,501,PAN,P012774,"NUNN, KENDRICK",3FGA,Missed Three Pointer,0,-43,740,H,0,0,0,37,03:37,80,67,20250130210803,210,"Jan 30, 2025",EA7 EMPORIO ARMANI MILAN,PANATHINAIKOS AKTOR ATHENS
2024,210,510,PAN,P012774,"NUNN, KENDRICK",2FGM,Two Pointer,2,106,50,C,1,0,0,38,02:43,80,69,20250130210915,210,"Jan 30, 2025",EA7 EMPORIO ARMANI MILAN,PANATHINAIKOS AKTOR ATHENS
2024,210,516,PAN,P012774,"NUNN, KENDRICK",FTM,Free Throw In,1,-1,-1, ,1,0,0,38,02:43,80,70,20250130211006,210,"Jan 30, 2025",EA7 EMPORIO ARMANI MILAN,PANATHINAIKOS AKTOR ATHENS
2024,210,521,PAN,P012774,"NUNN, KENDRICK",2FGA,Missed Two Pointer,0,-181,69,B,0,0,0,39,01:55,84,70,20250130211125,210,"Jan 30, 2025",EA7 EMPORIO ARMANI MILAN,PANATHINAIKOS AKTOR ATHENS
2024,220,35,PAN,P012774,"NUNN, KENDRICK",2FGM,Two Pointer,2,-188,56,B,0,0,0,3,07:38,10,5,20250204192022,220,"Feb 04, 2025",PANATHINAIKOS AKTOR ATHENS,FENERBAHCE BEKO ISTANBUL
2024,220,54,PAN,P012774,"NUNN, KENDRICK",2FGA,Missed Two Pointer,0,112,207,C,0,0,0,5,05:22,14,9,20250204192357,220,"Feb 04, 2025",PANATHINAIKOS AKTOR ATHENS,FENERBAHCE BEKO ISTANBUL
2024,220,219,PAN,P012774,"NUNN, KENDRICK",3FGA,Missed Three Pointer,0,-6,740,H,0,0,0,16,04:07,37,28,20250204195044,220,"Feb 04, 2025",PANATHINAIKOS AKTOR ATHENS,FENERBAHCE BEKO ISTANBUL
2024,220,266,PAN,P012774,"NUNN, KENDRICK",3FGA,Missed Three Pointer,0,319,633,I,0,0,0,19,01:03,39,36,20250204195838,220,"Feb 04, 2025",PANATHINAIKOS AKTOR ATHENS,FENERBAHCE BEKO ISTANBUL
2024,220,295,PAN,P012774,"NUNN, KENDRICK",2FGM,Two Pointer,2,-338,125,D,0,0,0,20,01:00,41,40,20250204200442,220,"Feb 04, 2025",PANATHINAIKOS AKTOR ATHENS,FENERBAHCE BEKO ISTANBUL
2024,220,501,PAN,P012774,"NUNN, KENDRICK",2FGM,Two Pointer,2,-81,100,B,0,1,0,34,06:08,71,75,20250204205350,220,"Feb 04, 2025",PANATHINAIKOS AKTOR ATHENS,FENERBAHCE BEKO ISTANBUL
2024,220,524,PAN,P012774,"NUNN, KENDRICK",2FGA,Missed Two Pointer,0,-62,138,B,0,0,0,36,04:35,76,78,20250204205834,220,"Feb 04, 2025",PANATHINAIKOS AKTOR ATHENS,FENERBAHCE BEKO ISTANBUL
2024,220,526,PAN,P012774,"NUNN, KENDRICK",2FGM,Two Pointer,2,56,169,C,0,1,0,36,04:33,78,78,20250204205837,220,"Feb 04, 2025",PANATHINAIKOS AKTOR ATHENS,FENERBAHCE BEKO ISTANBUL
2024,220,535,PAN,P012774,"NUNN, KENDRICK",2FGA,Missed Two Pointer,0,-163,25,B,0,0,0,37,03:58,78,78,20250204210024,220,"Feb 04, 2025",PANATHINAIKOS AKTOR ATHENS,FENERBAHCE BEKO ISTANBUL
2024,220,541,PAN,P012774,"NUNN, KENDRICK",2FGM,Two Pointer,2,-6,25,A,1,0,0,37,03:45,80,78,20250204210036,220,"Feb 04, 2025",PANATHINAIKOS AKTOR ATHENS,FENERBAHCE BEKO ISTANBUL
2024,220,549,PAN,P012774,"NUNN, KENDRICK",3FGM,Three Pointer,3,577,395,I,0,0,0,37,03:16,83,78,20250204210149,220,"Feb 04, 2025",PANATHINAIKOS AKTOR ATHENS,FENERBAHCE BEKO ISTANBUL
2024,220,559,PAN,P012774,"NUNN, KENDRICK",2FGA,Missed Two Pointer,0,-163,87,B,0,0,0,38,02:31,83,80,20250204210434,220,"Feb 04, 2025",PANATHINAIKOS AKTOR ATHENS,FENERBAHCE BEKO ISTANBUL
2024,220,580,PAN,P012774,"NUNN, KENDRICK",3FGM,Three Pointer,3,-119,746,H,0,0,0,39,01:33,86,85,20250204210843,220,"Feb 04, 2025",PANATHINAIKOS AKTOR ATHENS,FENERBAHCE BEKO ISTANBUL
2024,220,607,PAN,P012774,"NUNN, KENDRICK",3FGA,Missed Three Pointer,0,414,633,I,0,0,0,40,00:34,88,90,20250204211306,220,"Feb 04, 2025",PANATHINAIKOS AKTOR ATHENS,FENERBAHCE BEKO ISTANBUL
2024,220,629,PAN,P012774,"NUNN, KENDRICK",FTM,Free Throw In,1,-1,-1, ,0,0,0,40,01:00,91,90,20250204211856,220,"Feb 04, 2025",PANATHINAIKOS AKTOR ATHENS,FENERBAHCE BEKO ISTANBUL
2024,229,9,PAN,P012774,"NUNN, KENDRICK",3FGA,Missed Three Pointer,0,-94,771,H,0,0,0,1,09:41,0,0,20250206191549,229,"Feb 06, 2025",PANATHINAIKOS AKTOR ATHENS,ANADOLU EFES ISTANBUL
2024,229,13,PAN,P012774,"NUNN, KENDRICK",2FGA,Missed Two Pointer,0,43,156,C,0,0,0,1,09:21,0,0,20250206191609,229,"Feb 06, 2025",PANATHINAIKOS AKTOR ATHENS,ANADOLU EFES ISTANBUL
2024,229,34,PAN,P012774,"NUNN, KENDRICK",2FGA,Missed Two Pointer,0,-56,119,B,0,0,0,2,08:16,1,2,20250206191928,229,"Feb 06, 2025",PANATHINAIKOS AKTOR ATHENS,ANADOLU EFES ISTANBUL
2024,229,65,PAN,P012774,"NUNN, KENDRICK",2FGM,Two Pointer,2,6,112,C,0,0,1,4,06:10,8,6,20250206192459,229,"Feb 06, 2025",PANATHINAIKOS AKTOR ATHENS,ANADOLU EFES ISTANBUL
2024,229,97,PAN,P012774,"NUNN, KENDRICK",3FGA,Missed Three Pointer,0,345,621,I,0,0,0,7,03:10,10,12,20250206193101,229,"Feb 06, 2025",PANATHINAIKOS AKTOR ATHENS,ANADOLU EFES ISTANBUL
2024,229,112,PAN,P012774,"NUNN, KENDRICK",3FGA,Missed Three Pointer,0,-219,740,H,0,0,0,8,02:07,12,14,20250206193303,229,"Feb 06, 2025",PANATHINAIKOS AKTOR ATHENS,ANADOLU EFES ISTANBUL
2024,229,222,PAN,P012774,"NUNN, KENDRICK",3FGA,Missed Three Pointer,0,-294,715,H,0,0,0,17,03:54,37,39,20250206195244,229,"Feb 06, 2025",PANATHINAIKOS AKTOR ATHENS,ANADOLU EFES ISTANBUL
2024,229,249,PAN,P012774,"NUNN, KENDRICK",2FGM,Two Pointer,2,131,545,G,0,0,1,18,02:04,45,42,20250206195813,229,"Feb 06, 2025",PANATHINAIKOS AKTOR ATHENS,ANADOLU EFES ISTANBUL
2024,229,262,PAN,P012774,"NUNN, KENDRICK",2FGM,Two Pointer,2,-87,62,B,0,0,0,20,00:21,49,47,20250206195956,229,"Feb 06, 2025",PANATHINAIKOS AKTOR ATHENS,ANADOLU EFES ISTANBUL
2024,229,282,PAN,P012774,"NUNN, KENDRICK",3FGM,Three Pointer,3,677,-50,I,0,0,0,21,09:16,52,49,20250206201908,229,"Feb 06, 2025",PANATHINAIKOS AKTOR ATHENS,ANADOLU EFES ISTANBUL
2024,229,288,PAN,P012774,"NUNN, KENDRICK",2FGM,Two Pointer,2,81,81,C,0,0,1,22,08:42,54,49,20250206201957,229,"Feb 06, 2025",PANATHINAIKOS AKTOR ATHENS,ANADOLU EFES ISTANBUL
2024,229,328,PAN,P012774,"NUNN, KENDRICK",2FGM,Two Pointer,2,50,138,C,0,0,0,25,05:22,61,55,20250206202856,229,"Feb 06, 2025",PANATHINAIKOS AKTOR ATHENS,ANADOLU EFES ISTANBUL
2024,229,336,PAN,P012774,"NUNN, KENDRICK",3FGA,Missed Three Pointer,0,526,545,I,0,0,0,26,04:17,61,59,20250206203021,229,"Feb 06, 2025",PANATHINAIKOS AKTOR ATHENS,ANADOLU EFES ISTANBUL
2024,229,360,PAN,P012774,"NUNN, KENDRICK",3FGM,Three Pointer,3,-652,294,H,0,0,0,29,01:43,67,67,20250206203452,229,"Feb 06, 2025",PANATHINAIKOS AKTOR ATHENS,ANADOLU EFES ISTANBUL
2024,229,366,PAN,P012774,"NUNN, KENDRICK",3FGM,Three Pointer,3,-464,570,H,0,0,0,29,01:08,70,70,20250206203559,229,"Feb 06, 2025",PANATHINAIKOS AKTOR ATHENS,ANADOLU EFES ISTANBUL
2024,229,372,PAN,P012774,"NUNN, KENDRICK",3FGM,Three Pointer,3,677,87,I,0,0,1,30,00:36,73,70,20250206203647,229,"Feb 06, 2025",PANATHINAIKOS AKTOR ATHENS,ANADOLU EFES ISTANBUL
2024,229,384,PAN,P012774,"NUNN, KENDRICK",FTM,Free Throw In,1,-1,-1, ,0,0,0,30,00:02,74,73,20250206203829,229,"Feb 06, 2025",PANATHINAIKOS AKTOR ATHENS,ANADOLU EFES ISTANBUL
2024,229,386,PAN,P012774,"NUNN, KENDRICK",FTM,Free Throw In,1,-1,-1, ,0,0,0,30,00:02,75,73,20250206203844,229,"Feb 06, 2025",PANATHINAIKOS AKTOR ATHENS,ANADOLU EFES ISTANBUL
2024,229,393,PAN,P012774,"NUNN, KENDRICK",2FGM,Two Pointer,2,106,138,C,0,0,0,31,09:36,77,73,20250206204127,229,"Feb 06, 2025",PANATHINAIKOS AKTOR ATHENS,ANADOLU EFES ISTANBUL
2024,229,413,PAN,P012774,"NUNN, KENDRICK",FTM,Free Throw In,1,-1,-1, ,0,0,0,32,08:26,79,75,20250206204540,229,"Feb 06, 2025",PANATHINAIKOS AKTOR ATHENS,ANADOLU EFES ISTANBUL
2024,229,414,PAN,P012774,"NUNN, KENDRICK",FTM,Free Throw In,1,-1,-1, ,0,0,0,32,08:26,80,75,20250206204555,229,"Feb 06, 2025",PANATHINAIKOS AKTOR ATHENS,ANADOLU EFES ISTANBUL
2024,229,423,PAN,P012774,"NUNN, KENDRICK",2FGA,Missed Two Pointer,0,87,181,C,0,0,0,33,07:09,80,80,20250206204726,229,"Feb 06, 2025",PANATHINAIKOS AKTOR ATHENS,ANADOLU EFES ISTANBUL
2024,229,434,PAN,P012774,"NUNN, KENDRICK",FTM,Free Throw In,1,-1,-1, ,0,0,0,34,06:48,81,80,20250206204856,229,"Feb 06, 2025",PANATHINAIKOS AKTOR ATHENS,ANADOLU EFES ISTANBUL
2024,229,435,PAN,P012774,"NUNN, KENDRICK",FTM,Free Throw In,1,-1,-1, ,0,0,0,34,06:48,82,80,20250206204909,229,"Feb 06, 2025",PANATHINAIKOS AKTOR ATHENS,ANADOLU EFES ISTANBUL
2024,229,473,PAN,P012774,"NUNN, KENDRICK",3FGM,Three Pointer,3,-43,752,H,0,0,0,37,03:22,90,83,20250206205622,229,"Feb 06, 2025",PANATHINAIKOS AKTOR ATHENS,ANADOLU EFES ISTANBUL
2024,229,477,PAN,P012774,"NUNN, KENDRICK",3FGA,Missed Three Pointer,0,-696,-6,H,0,0,0,38,02:52,90,83,20250206205653,229,"Feb 06, 2025",PANATHINAIKOS AKTOR ATHENS,ANADOLU EFES ISTANBUL
2024,229,495,PAN,P012774,"NUNN, KENDRICK",2FGM,Two Pointer,2,81,62,C,1,0,0,39,01:22,97,87,20250206210106,229,"Feb 06, 2025",PANATHINAIKOS AKTOR ATHENS,ANADOLU EFES ISTANBUL
2024,229,502,PAN,P012774,"NUNN, KENDRICK",FTM,Free Throw In,1,-1,-1, ,0,0,0,39,01:22,98,87,20250206210158,229,"Feb 06, 2025",PANATHINAIKOS AKTOR ATHENS,ANADOLU EFES ISTANBUL
2024,243,50,PAN,P012774,"NUNN, KENDRICK",2FGM,Two Pointer,2,112,257,E,0,0,0,3,07:54,2,6,20250228200447,243,"Feb 28, 2025",LDLC ASVEL VILLEURBANNE,PANATHINAIKOS AKTOR ATHENS
2024,243,60,PAN,P012774,"NUNN, KENDRICK",2FGA,Missed Two Pointer,0,-225,495,F,0,0,0,4,06:21,5,10,20250228200639,243,"Feb 28, 2025",LDLC ASVEL VILLEURBANNE,PANATHINAIKOS AKTOR ATHENS
2024,243,68,PAN,P012774,"NUNN, KENDRICK",2FGM,Two Pointer,2,138,94,C,1,0,0,5,05:25,7,12,20250228200748,243,"Feb 28, 2025",LDLC ASVEL VILLEURBANNE,PANATHINAIKOS AKTOR ATHENS
2024,243,89,PAN,P012774,"NUNN, KENDRICK",3FGM,Three Pointer,3,-62,752,H,0,0,0,6,04:11,12,15,20250228201139,243,"Feb 28, 2025",LDLC ASVEL VILLEURBANNE,PANATHINAIKOS AKTOR ATHENS
2024,243,121,PAN,P012774,"NUNN, KENDRICK",3FGM,Three Pointer,3,357,696,I,0,0,1,9,01:57,14,21,20250228201509,243,"Feb 28, 2025",LDLC ASVEL VILLEURBANNE,PANATHINAIKOS AKTOR ATHENS
2024,243,139,PAN,P012774,"NUNN, KENDRICK",3FGA,Missed Three Pointer,0,-646,351,H,0,0,0,10,00:18,16,25,20250228201917,243,"Feb 28, 2025",LDLC ASVEL VILLEURBANNE,PANATHINAIKOS AKTOR ATHENS
2024,243,295,PAN,P012774,"NUNN, KENDRICK",2FGM,Two Pointer,2,69,169,C,0,0,1,20,00:39,44,52,20250228204916,243,"Feb 28, 2025",LDLC ASVEL VILLEURBANNE,PANATHINAIKOS AKTOR ATHENS
2024,243,342,PAN,P012774,"NUNN, KENDRICK",2FGM,Two Pointer,2,-62,144,B,0,0,0,22,08:41,49,58,20250228211130,243,"Feb 28, 2025",LDLC ASVEL VILLEURBANNE,PANATHINAIKOS AKTOR ATHENS
2024,243,382,PAN,P012774,"NUNN, KENDRICK",2FGM,Two Pointer,2,6,25,A,1,0,0,25,05:49,52,64,20250228211719,243,"Feb 28, 2025",LDLC ASVEL VILLEURBANNE,PANATHINAIKOS AKTOR ATHENS
2024,243,536,PAN,P012774,"NUNN, KENDRICK",FTM,Free Throw In,1,-1,-1, ,0,0,1,36,04:52,79,81,20250228214644,243,"Feb 28, 2025",LDLC ASVEL VILLEURBANNE,PANATHINAIKOS AKTOR ATHENS
2024,243,576,PAN,P012774,"NUNN, KENDRICK",3FGM,Three Pointer,3,533,570,I,0,0,0,38,02:06,82,88,20250228215622,243,"Feb 28, 2025",LDLC ASVEL VILLEURBANNE,PANATHINAIKOS AKTOR ATHENS
2024,243,599,PAN,P012774,"NUNN, KENDRICK",FTM,Free Throw In,1,-1,-1, ,0,1,0,40,00:45,88,91,20250228220105,243,"Feb 28, 2025",LDLC ASVEL VILLEURBANNE,PANATHINAIKOS AKTOR ATHENS
2024,243,600,PAN,P012774,"NUNN, KENDRICK",FTM,Free Throw In,1,-1,-1, ,0,1,0,40,00:45,88,92,20250228220116,243,"Feb 28, 2025",LDLC ASVEL VILLEURBANNE,PANATHINAIKOS AKTOR ATHENS
2024,243,612,PAN,P012774,"NUNN, KENDRICK",FTM,Free Throw In,1,-1,-1, ,0,0,0,40,00:18,91,95,20250228220452,243,"Feb 28, 2025",LDLC ASVEL VILLEURBANNE,PANATHINAIKOS AKTOR ATHENS
2024,243,613,PAN,P012774,"NUNN, KENDRICK",FTM,Free Throw In,1,-1,-1, ,0,0,0,40,00:18,91,96,20250228220504,243,"Feb 28, 2025",LDLC ASVEL VILLEURBANNE,PANATHINAIKOS AKTOR ATHENS
2024,245,71,PAN,P012774,"NUNN, KENDRICK",2FGM,Two Pointer,2,-6,12,A,1,0,1,6,04:28,11,6,20250306195243,245,"Mar 06, 2025",PANATHINAIKOS AKTOR ATHENS,REAL MADRID
2024,245,89,PAN,P012774,"NUNN, KENDRICK",2FGA,Missed Two Pointer,0,56,125,C,0,0,0,8,02:38,14,9,20250306195704,245,"Mar 06, 2025",PANATHINAIKOS AKTOR ATHENS,REAL MADRID
2024,245,107,PAN,P012774,"NUNN, KENDRICK",2FGM,Two Pointer,2,-94,69,B,0,0,0,9,01:50,16,11,20250306195844,245,"Mar 06, 2025",PANATHINAIKOS AKTOR ATHENS,REAL MADRID
2024,245,121,PAN,P012774,"NUNN, KENDRICK",3FGM,Three Pointer,3,-188,721,H,1,0,0,10,00:49,22,11,20250306200127,245,"Mar 06, 2025",PANATHINAIKOS AKTOR ATHENS,REAL MADRID
2024,245,126,PAN,P012774,"NUNN, KENDRICK",2FGM,Two Pointer,2,81,602,G,0,0,0,10,01:00,24,13,20250306200236,245,"Mar 06, 2025",PANATHINAIKOS AKTOR ATHENS,REAL MADRID
2024,245,165,PAN,P012774,"NUNN, KENDRICK",3FGM,Three Pointer,3,75,702,I,0,0,0,13,07:15,33,19,20250306200952,245,"Mar 06, 2025",PANATHINAIKOS AKTOR ATHENS,REAL MADRID
2024,245,201,PAN,P012774,"NUNN, KENDRICK",3FGA,Missed Three Pointer,0,370,658,I,0,0,0,15,05:08,33,25,20250306201358,245,"Mar 06, 2025",PANATHINAIKOS AKTOR ATHENS,REAL MADRID
2024,245,223,PAN,P012774,"NUNN, KENDRICK",3FGA,Missed Three Pointer,0,156,683,I,0,0,0,17,03:07,35,29,20250306201911,245,"Mar 06, 2025",PANATHINAIKOS AKTOR ATHENS,REAL MADRID
2024,245,225,PAN,P012774,"NUNN, KENDRICK",2FGA,Missed Two Pointer,0,144,351,E,0,0,0,17,03:03,35,29,20250306201915,245,"Mar 06, 2025",PANATHINAIKOS AKTOR ATHENS,REAL MADRID
2024,245,234,PAN,P012774,"NUNN, KENDRICK",2FGA,Missed Two Pointer,0,125,207,E,0,0,0,18,02:38,35,29,20250306202007,245,"Mar 06, 2025",PANATHINAIKOS AKTOR ATHENS,REAL MADRID
2024,245,280,PAN,P012774,"NUNN, KENDRICK",3FGA,Missed Three Pointer,0,-671,56,H,0,0,0,20,01:00,40,33,20250306202551,245,"Mar 06, 2025",PANATHINAIKOS AKTOR ATHENS,REAL MADRID
2024,245,314,PAN,P012774,"NUNN, KENDRICK",3FGA,Missed Three Pointer,0,194,715,I,0,0,0,23,07:22,48,36,20250306204603,245,"Mar 06, 2025",PANATHINAIKOS AKTOR ATHENS,REAL MADRID
2024,245,320,PAN,P012774,"NUNN, KENDRICK",2FGA,Missed Two Pointer,0,163,338,E,0,0,0,24,06:41,48,38,20250306204709,245,"Mar 06, 2025",PANATHINAIKOS AKTOR ATHENS,REAL MADRID
2024,245,365,PAN,P012774,"NUNN, KENDRICK",2FGM,Two Pointer,2,0,6,A,0,0,0,27,03:10,55,48,20250306205439,245,"Mar 06, 2025",PANATHINAIKOS AKTOR ATHENS,REAL MADRID
2024,245,456,PAN,P012774,"NUNN, KENDRICK",3FGA,Missed Three Pointer,0,-12,740,H,0,0,0,32,08:12,63,55,20250306210820,245,"Mar 06, 2025",PANATHINAIKOS AKTOR ATHENS,REAL MADRID
2024,245,471,PAN,P012774,"NUNN, KENDRICK",2FGA,Missed Two Pointer,0,351,445,G,0,0,0,34,06:55,63,57,20250306211025,245,"Mar 06, 2025",PANATHINAIKOS AKTOR ATHENS,REAL MADRID
2024,245,505,PAN,P012774,"NUNN, KENDRICK",2FGM,Two Pointer,2,-69,100,B,0,0,0,35,05:08,72,61,20250306211623,245,"Mar 06, 2025",PANATHINAIKOS AKTOR ATHENS,REAL MADRID
2024,245,519,PAN,P012774,"NUNN, KENDRICK",2FGM,Two Pointer,2,0,138,B,0,0,0,37,03:48,74,64,20250306211802,245,"Mar 06, 2025",PANATHINAIKOS AKTOR ATHENS,REAL MADRID
2024,259,39,PAN,P012774,"NUNN, KENDRICK",3FGA,Missed Three Pointer,0,558,470,I,0,0,0,4,06:22,6,6,20250314191941,259,"Mar 14, 2025",OLYMPIACOS PIRAEUS,PANATHINAIKOS AKTOR ATHENS
2024,259,168,PAN,P012774,"NUNN, KENDRICK",3FGA,Missed Three Pointer,0,-156,715,H,0,0,0,13,07:03,25,11,20250314193841,259,"Mar 14, 2025",OLYMPIACOS PIRAEUS,PANATHINAIKOS AKTOR ATHENS
2024,259,205,PAN,P012774,"NUNN, KENDRICK",3FGA,Missed Three Pointer,0,-357,658,H,0,0,0,16,04:36,28,15,20250314194350,259,"Mar 14, 2025",OLYMPIACOS PIRAEUS,PANATHINAIKOS AKTOR ATHENS
2024,259,389,PAN,P012774,"NUNN, KENDRICK",2FGM,Two Pointer,2,6,18,A,1,0,1,29,01:59,58,48,20250314203002,259,"Mar 14, 2025",OLYMPIACOS PIRAEUS,PANATHINAIKOS AKTOR ATHENS
2024,259,468,PAN,P012774,"NUNN, KENDRICK",2FGM,Two Pointer,2,112,125,C,1,0,1,34,06:10,70,59,20250314204439,259,"Mar 14, 2025",OLYMPIACOS PIRAEUS,PANATHINAIKOS AKTOR ATHENS
2024,259,533,PAN,P012774,"NUNN, KENDRICK",3FGM,Three Pointer,3,514,545,I,0,0,1,40,00:56,76,72,20250314210035,259,"Mar 14, 2025",OLYMPIACOS PIRAEUS,PANATHINAIKOS AKTOR ATHENS
2024,259,536,PAN,P012774,"NUNN, KENDRICK",2FGA,Missed Two Pointer,0,188,188,E,0,0,0,40,00:29,76,72,20250314210107,259,"Mar 14, 2025",OLYMPIACOS PIRAEUS,PANATHINAIKOS AKTOR ATHENS
2024,268,11,PAN,P012774,"NUNN, KENDRICK",2FGM,Two Pointer,2,-12,6,A,1,0,1,1,09:39,2,0,20250321191617,268,"Mar 21, 2025",PANATHINAIKOS AKTOR ATHENS,ALBA BERLIN
2024,268,69,PAN,P012774,"NUNN, KENDRICK",2FGM,Two Pointer,2,6,6,A,0,0,0,5,05:24,14,7,20250321192334,268,"Mar 21, 2025",PANATHINAIKOS AKTOR ATHENS,ALBA BERLIN
2024,268,84,PAN,P012774,"NUNN, KENDRICK",3FGA,Missed Three Pointer,0,652,288,I,0,0,0,6,04:20,14,9,20250321192635,268,"Mar 21, 2025",PANATHINAIKOS AKTOR ATHENS,ALBA BERLIN
2024,268,122,PAN,P012774,"NUNN, KENDRICK",3FGA,Missed Three Pointer,0,-263,734,H,0,0,0,9,01:14,19,16,20250321193417,268,"Mar 21, 2025",PANATHINAIKOS AKTOR ATHENS,ALBA BERLIN
2024,268,208,PAN,P012774,"NUNN, KENDRICK",2FGM,Two Pointer,2,31,94,C,1,0,1,13,07:10,30,24,20250321194850,268,"Mar 21, 2025",PANATHINAIKOS AKTOR ATHENS,ALBA BERLIN
2024,268,251,PAN,P012774,"NUNN, KENDRICK",2FGM,Two Pointer,2,131,43,C,0,0,1,16,04:39,32,28,20250321195609,268,"Mar 21, 2025",PANATHINAIKOS AKTOR ATHENS,ALBA BERLIN
2024,268,334,PAN,P012774,"NUNN, KENDRICK",2FGM,Two Pointer,2,119,326,E,0,0,0,21,09:40,48,35,20250321202234,268,"Mar 21, 2025",PANATHINAIKOS AKTOR ATHENS,ALBA BERLIN
2024,268,368,PAN,P012774,"NUNN, KENDRICK",2FGA,Missed Two Pointer,0,326,81,E,0,0,0,24,06:43,50,44,20250321202816,268,"Mar 21, 2025",PANATHINAIKOS AKTOR ATHENS,ALBA BERLIN
2024,268,387,PAN,P012774,"NUNN, KENDRICK",3FGM,Three Pointer,3,-244,702,H,0,0,0,25,05:21,54,50,20250321203112,268,"Mar 21, 2025",PANATHINAIKOS AKTOR ATHENS,ALBA BERLIN
2024,268,411,PAN,P012774,"NUNN, KENDRICK",2FGM,Two Pointer,2,75,56,C,1,0,0,27,03:59,58,58,20250321203455,268,"Mar 21, 2025",PANATHINAIKOS AKTOR ATHENS,ALBA BERLIN
2024,268,472,PAN,P012774,"NUNN, KENDRICK",2FGM,Two Pointer,2,-6,18,A,0,0,0,30,00:48,66,62,20250321204406,268,"Mar 21, 2025",PANATHINAIKOS AKTOR ATHENS,ALBA BERLIN
2024,268,474,PAN,P012774,"NUNN, KENDRICK",3FGA,Missed Three Pointer,0,-464,614,H,0,0,0,30,00:05,66,64,20250321204450,268,"Mar 21, 2025",PANATHINAIKOS AKTOR ATHENS,ALBA BERLIN
2024,268,502,PAN,P012774,"NUNN, KENDRICK",3FGA,Missed Three Pointer,0,-451,589,H,0,0,0,32,08:58,66,69,20250321205110,268,"Mar 21, 2025",PANATHINAIKOS AKTOR ATHENS,ALBA BERLIN
2024,268,524,PAN,P012774,"NUNN, KENDRICK",2FGA,Missed Two Pointer,0,125,194,C,0,0,0,33,07:17,69,74,20250321205509,268,"Mar 21, 2025",PANATHINAIKOS AKTOR ATHENS,ALBA BERLIN
2024,268,631,PAN,P012774,"NUNN, KENDRICK",FTM,Free Throw In,1,-1,-1, ,0,0,0,39,01:35,86,77,20250321211013,268,"Mar 21, 2025",PANATHINAIKOS AKTOR ATHENS,ALBA BERLIN
2024,279,4,PAN,P012774,"NUNN, KENDRICK",3FGA,Missed Three Pointer,0,-18,702,H,0,0,0,1,09:41,0,0,20250326190548,279,"Mar 26, 2025",MACCABI PLAYTIKA TEL AVIV,PANATHINAIKOS AKTOR ATHENS
2024,279,54,PAN,P012774,"NUNN, KENDRICK",3FGA,Missed Three Pointer,0,-533,464,H,0,0,0,5,06:00,11,15,20250326191051,279,"Mar 26, 2025",MACCABI PLAYTIKA TEL AVIV,PANATHINAIKOS AKTOR ATHENS
2024,279,68,PAN,P012774,"NUNN, KENDRICK",2FGM,Two Pointer,2,-144,169,B,0,0,0,6,04:36,13,17,20250326191243,279,"Mar 26, 2025",MACCABI PLAYTIKA TEL AVIV,PANATHINAIKOS AKTOR ATHENS
2024,279,100,PAN,P012774,"NUNN, KENDRICK",3FGM,Three Pointer,3,-31,740,H,0,0,1,7,03:02,13,21,20250326191747,279,"Mar 26, 2025",MACCABI PLAYTIKA TEL AVIV,PANATHINAIKOS AKTOR ATHENS
2024,279,112,PAN,P012774,"NUNN, KENDRICK",3FGA,Missed Three Pointer,0,470,514,I,0,0,0,8,02:31,13,22,20250326191946,279,"Mar 26, 2025",MACCABI PLAYTIKA TEL AVIV,PANATHINAIKOS AKTOR ATHENS
2024,279,136,PAN,P012774,"NUNN, KENDRICK",FTM,Free Throw In,1,-1,-1, ,1,0,1,10,00:58,16,23,20250326192255,279,"Mar 26, 2025",MACCABI PLAYTIKA TEL AVIV,PANATHINAIKOS AKTOR ATHENS
2024,279,137,PAN,P012774,"NUNN, KENDRICK",FTM,Free Throw In,1,-1,-1, ,0,0,1,10,00:58,16,24,20250326192308,279,"Mar 26, 2025",MACCABI PLAYTIKA TEL AVIV,PANATHINAIKOS AKTOR ATHENS
2024,279,185,PAN,P012774,"NUNN, KENDRICK",FTM,Free Throw In,1,-1,-1, ,0,0,0,12,08:29,24,26,20250326193117,279,"Mar 26, 2025",MACCABI PLAYTIKA TEL AVIV,PANATHINAIKOS AKTOR ATHENS
2024,279,186,PAN,P012774,"NUNN, KENDRICK",FTM,Free Throw In,1,-1,-1, ,0,0,0,12,08:29,24,27,20250326193131,279,"Mar 26, 2025",MACCABI PLAYTIKA TEL AVIV,PANATHINAIKOS AKTOR ATHENS
2024,279,238,PAN,P012774,"NUNN, KENDRICK",3FGM,Three Pointer,3,357,608,I,0,0,0,15,05:05,36,32,20250326194202,279,"Mar 26, 2025",MACCABI PLAYTIKA TEL AVIV,PANATHINAIKOS AKTOR ATHENS
2024,279,284,PAN,P012774,"NUNN, KENDRICK",3FGM,Three Pointer,3,-658,225,H,0,0,0,18,02:21,42,40,20250326195006,279,"Mar 26, 2025",MACCABI PLAYTIKA TEL AVIV,PANATHINAIKOS AKTOR ATHENS
2024,279,293,PAN,P012774,"NUNN, KENDRICK",3FGA,Missed Three Pointer,0,-50,702,H,0,0,0,20,00:57,44,40,20250326195156,279,"Mar 26, 2025",MACCABI PLAYTIKA TEL AVIV,PANATHINAIKOS AKTOR ATHENS
2024,279,301,PAN,P012774,"NUNN, KENDRICK",2FGM,Two Pointer,2,87,56,C,1,0,0,20,00:22,44,42,20250326195231,279,"Mar 26, 2025",MACCABI PLAYTIKA TEL AVIV,PANATHINAIKOS AKTOR ATHENS
2024,279,412,PAN,P012774,"NUNN, KENDRICK",FTM,Free Throw In,1,-1,-1, ,0,0,0,26,04:50,61,54,20250326202320,279,"Mar 26, 2025",MACCABI PLAYTIKA TEL AVIV,PANATHINAIKOS AKTOR ATHENS
2024,279,413,PAN,P012774,"NUNN, KENDRICK",FTM,Free Throw In,1,-1,-1, ,0,0,0,26,04:50,61,55,20250326202332,279,"Mar 26, 2025",MACCABI PLAYTIKA TEL AVIV,PANATHINAIKOS AKTOR ATHENS
2024,279,511,PAN,P012774,"NUNN, KENDRICK",3FGA,Missed Three Pointer,0,658,156,I,0,0,0,32,08:57,80,67,20250326203732,279,"Mar 26, 2025",MACCABI PLAYTIKA TEL AVIV,PANATHINAIKOS AKTOR ATHENS
2024,279,536,PAN,P012774,"NUNN, KENDRICK",3FGM,Three Pointer,3,677,131,I,0,0,0,33,07:37,82,73,20250326203948,279,"Mar 26, 2025",MACCABI PLAYTIKA TEL AVIV,PANATHINAIKOS AKTOR ATHENS
2024,279,575,PAN,P012774,"NUNN, KENDRICK",FTM,Free Throw In,1,-1,-1, ,0,0,0,36,04:30,84,86,20250326204518,279,"Mar 26, 2025",MACCABI PLAYTIKA TEL AVIV,PANATHINAIKOS AKTOR ATHENS
2024,279,612,PAN,P012774,"NUNN, KENDRICK",3FGM,Three Pointer,3,-445,564,H,0,0,0,39,01:32,90,92,20250326204956,279,"Mar 26, 2025",MACCABI PLAYTIKA TEL AVIV,PANATHINAIKOS AKTOR ATHENS
2024,288,35,PAN,P012774,"NUNN, KENDRICK",2FGA,Missed Two Pointer,0,69,138,C,0,0,0,3,07:24,5,8,20250328191916,288,"Mar 28, 2025",PANATHINAIKOS AKTOR ATHENS,PARIS BASKETBALL
2024,288,45,PAN,P012774,"NUNN, KENDRICK",FTM,Free Throw In,1,-1,-1, ,0,1,0,3,07:24,6,8,20250328192014,288,"Mar 28, 2025",PANATHINAIKOS AKTOR ATHENS,PARIS BASKETBALL
2024,288,67,PAN,P012774,"NUNN, KENDRICK",3FGA,Missed Three Pointer,0,-138,752,H,0,0,0,4,06:20,11,11,20250328192433,288,"Mar 28, 2025",PANATHINAIKOS AKTOR ATHENS,PARIS BASKETBALL
2024,288,93,PAN,P012774,"NUNN, KENDRICK",2FGA,Missed Two Pointer,0,263,276,E,0,0,0,5,05:15,11,13,20250328192633,288,"Mar 28, 2025",PANATHINAIKOS AKTOR ATHENS,PARIS BASKETBALL
2024,288,164,PAN,P012774,"NUNN, KENDRICK",FTM,Free Throw In,1,-1,-1, ,0,0,0,9,01:20,22,31,20250328193654,288,"Mar 28, 2025",PANATHINAIKOS AKTOR ATHENS,PARIS BASKETBALL
2024,288,165,PAN,P012774,"NUNN, KENDRICK",FTM,Free Throw In,1,-1,-1, ,0,0,0,9,01:20,23,31,20250328193707,288,"Mar 28, 2025",PANATHINAIKOS AKTOR ATHENS,PARIS BASKETBALL
2024,288,217,PAN,P012774,"NUNN, KENDRICK",2FGM,Two Pointer,2,94,69,C,1,0,0,13,07:23,27,38,20250328194736,288,"Mar 28, 2025",PANATHINAIKOS AKTOR ATHENS,PARIS BASKETBALL
2024,288,224,PAN,P012774,"NUNN, KENDRICK",FTM,Free Throw In,1,-1,-1, ,0,0,0,13,07:23,28,38,20250328194815,288,"Mar 28, 2025",PANATHINAIKOS AKTOR ATHENS,PARIS BASKETBALL
2024,288,228,PAN,P012774,"NUNN, KENDRICK",2FGM,Two Pointer,2,-112,207,D,0,0,0,14,06:48,30,38,20250328194852,288,"Mar 28, 2025",PANATHINAIKOS AKTOR ATHENS,PARIS BASKETBALL
2024,288,339,PAN,P012774,"NUNN, KENDRICK",3FGA,Missed Three Pointer,0,577,583,I,0,0,0,21,09:27,48,59,20250328201750,288,"Mar 28, 2025",PANATHINAIKOS AKTOR ATHENS,PARIS BASKETBALL
2024,288,355,PAN,P012774,"NUNN, KENDRICK",2FGA,Missed Two Pointer,0,-144,106,B,0,0,0,22,08:10,50,63,20250328202016,288,"Mar 28, 2025",PANATHINAIKOS AKTOR ATHENS,PARIS BASKETBALL
2024,288,399,PAN,P012774,"NUNN, KENDRICK",3FGM,Three Pointer,3,-81,715,H,0,1,0,25,05:24,58,71,20250328202439,288,"Mar 28, 2025",PANATHINAIKOS AKTOR ATHENS,PARIS BASKETBALL
2024,288,416,PAN,P012774,"NUNN, KENDRICK",3FGA,Missed Three Pointer,0,-658,144,H,0,0,0,27,03:55,60,73,20250328202838,288,"Mar 28, 2025",PANATHINAIKOS AKTOR ATHENS,PARIS BASKETBALL
2024,288,422,PAN,P012774,"NUNN, KENDRICK",2FGM,Two Pointer,2,-87,56,B,1,0,0,27,03:29,62,73,20250328202904,288,"Mar 28, 2025",PANATHINAIKOS AKTOR ATHENS,PARIS BASKETBALL
2024,288,440,PAN,P012774,"NUNN, KENDRICK",2FGM,Two Pointer,2,163,125,C,0,0,1,28,02:35,67,76,20250328203037,288,"Mar 28, 2025",PANATHINAIKOS AKTOR ATHENS,PARIS BASKETBALL
2024,288,454,PAN,P012774,"NUNN, KENDRICK",2FGA,Missed Two Pointer,0,-31,169,B,0,0,0,29,01:10,69,80,20250328203227,288,"Mar 28, 2025",PANATHINAIKOS AKTOR ATHENS,PARIS BASKETBALL
2024,288,467,PAN,P012774,"NUNN, KENDRICK",3FGA,Missed Three Pointer,0,56,734,I,0,0,0,30,00:28,69,84,20250328203507,288,"Mar 28, 2025",PANATHINAIKOS AKTOR ATHENS,PARIS BASKETBALL
2024,288,479,PAN,P012774,"NUNN, KENDRICK",3FGM,Three Pointer,3,683,-6,I,0,0,0,31,09:45,72,86,20250328203758,288,"Mar 28, 2025",PANATHINAIKOS AKTOR ATHENS,PARIS BASKETBALL
2024,288,484,PAN,P012774,"NUNN, KENDRICK",2FGA,Missed Two Pointer,0,-50,112,B,0,0,0,31,09:27,72,86,20250328203834,288,"Mar 28, 2025",PANATHINAIKOS AKTOR ATHENS,PARIS BASKETBALL
2024,288,502,PAN,P012774,"NUNN, KENDRICK",2FGM,Two Pointer,2,18,138,C,1,0,0,32,08:17,77,86,20250328204348,288,"Mar 28, 2025",PANATHINAIKOS AKTOR ATHENS,PARIS BASKETBALL
2024,288,527,PAN,P012774,"NUNN, KENDRICK",2FGM,Two Pointer,2,-31,150,B,0,1,0,34,06:05,84,91,20250328204831,288,"Mar 28, 2025",PANATHINAIKOS AKTOR ATHENS,PARIS BASKETBALL
2024,288,574,PAN,P012774,"NUNN, KENDRICK",3FGA,Missed Three Pointer,0,25,740,I,0,0,0,38,02:48,88,93,20250328205653,288,"Mar 28, 2025",PANATHINAIKOS AKTOR ATHENS,PARIS BASKETBALL
2024,289,27,PAN,P012774,"NUNN, KENDRICK",2FGM,Two Pointer,2,-18,144,B,0,0,0,3,07:01,9,6,20250403170510,289,"Apr 03, 2025",AS MONACO,PANATHINAIKOS AKTOR ATHENS
2024,289,38,PAN,P012774,"NUNN, KENDRICK",2FGA,Missed Two Pointer,0,112,213,E,0,0,0,5,05:52,13,9,20250403170649,289,"Apr 03, 2025",AS MONACO,PANATHINAIKOS AKTOR ATHENS
2024,289,82,PAN,P012774,"NUNN, KENDRICK",FTM,Free Throw In,1,-1,-1, ,0,0,0,8,02:54,18,23,20250403171323,289,"Apr 03, 2025",AS MONACO,PANATHINAIKOS AKTOR ATHENS
2024,289,83,PAN,P012774,"NUNN, KENDRICK",FTM,Free Throw In,1,-1,-1, ,0,0,0,8,02:54,18,24,20250403171340,289,"Apr 03, 2025",AS MONACO,PANATHINAIKOS AKTOR ATHENS
2024,289,97,PAN,P012774,"NUNN, KENDRICK",2FGM,Two Pointer,2,-18,213,B,0,0,0,9,01:13,21,29,20250403171953,289,"Apr 03, 2025",AS MONACO,PANATHINAIKOS AKTOR ATHENS
2024,289,106,PAN,P012774,"NUNN, KENDRICK",3FGM,Three Pointer,3,545,614,I,0,0,1,10,01:00,21,32,20250403172200,289,"Apr 03, 2025",AS MONACO,PANATHINAIKOS AKTOR ATHENS
2024,289,139,PAN,P012774,"NUNN, KENDRICK",2FGM,Two Pointer,2,50,188,C,0,1,0,12,08:15,23,38,20250403172744,289,"Apr 03, 2025",AS MONACO,PANATHINAIKOS AKTOR ATHENS
2024,289,156,PAN,P012774,"NUNN, KENDRICK",2FGM,Two Pointer,2,6,200,C,0,0,0,14,06:58,25,40,20250403172942,289,"Apr 03, 2025",AS MONACO,PANATHINAIKOS AKTOR ATHENS
2024,289,183,PAN,P012774,"NUNN, KENDRICK",3FGM,Three Pointer,3,106,765,I,0,0,0,16,04:15,30,47,20250403173452,289,"Apr 03, 2025",AS MONACO,PANATHINAIKOS AKTOR ATHENS
2024,289,190,PAN,P012774,"NUNN, KENDRICK",2FGM,Two Pointer,2,50,207,C,1,0,0,17,03:57,32,49,20250403173604,289,"Apr 03, 2025",AS MONACO,PANATHINAIKOS AKTOR ATHENS
2024,289,270,PAN,P012774,"NUNN, KENDRICK",2FGA,Missed Two Pointer,0,-6,250,D,0,0,0,23,07:29,46,49,20250403180359,289,"Apr 03, 2025",AS MONACO,PANATHINAIKOS AKTOR ATHENS
2024,289,302,PAN,P012774,"NUNN, KENDRICK",3FGM,Three Pointer,3,288,765,I,0,0,0,25,05:19,48,52,20250403180855,289,"Apr 03, 2025",AS MONACO,PANATHINAIKOS AKTOR ATHENS
2024,289,310,PAN,P012774,"NUNN, KENDRICK",3FGM,Three Pointer,3,357,771,I,0,0,0,26,04:31,48,55,20250403181007,289,"Apr 03, 2025",AS MONACO,PANATHINAIKOS AKTOR ATHENS
2024,289,314,PAN,P012774,"NUNN, KENDRICK",FTM,Free Throw In,1,-1,-1, ,0,0,0,26,04:31,48,56,20250403181152,289,"Apr 03, 2025",AS MONACO,PANATHINAIKOS AKTOR ATHENS
2024,289,330,PAN,P012774,"NUNN, KENDRICK",2FGM,Two Pointer,2,169,213,E,0,0,0,27,03:05,48,60,20250403181412,289,"Apr 03, 2025",AS MONACO,PANATHINAIKOS AKTOR ATHENS
2024,289,359,PAN,P012774,"NUNN, KENDRICK",2FGA,Missed Two Pointer,0,395,144,E,0,0,0,30,00:27,52,62,20250403181954,289,"Apr 03, 2025",AS MONACO,PANATHINAIKOS AKTOR ATHENS
2024,289,367,PAN,P012774,"NUNN, KENDRICK",2FGM,Two Pointer,2,420,94,E,0,0,0,30,01:00,53,64,20250403182129,289,"Apr 03, 2025",AS MONACO,PANATHINAIKOS AKTOR ATHENS
2024,289,370,PAN,P012774,"NUNN, KENDRICK",FTM,Free Throw In,1,-1,-1, ,0,0,0,30,01:00,53,65,20250403182201,289,"Apr 03, 2025",AS MONACO,PANATHINAIKOS AKTOR ATHENS
2024,289,460,PAN,P012774,"NUNN, KENDRICK",2FGM,Two Pointer,2,395,125,E,0,0,0,38,02:39,69,78,20250403184234,289,"Apr 03, 2025",AS MONACO,PANATHINAIKOS AKTOR ATHENS
2024,289,470,PAN,P012774,"NUNN, KENDRICK",3FGM,Three Pointer,3,0,752,H,0,0,0,39,01:59,71,81,20250403184620,289,"Apr 03, 2025",AS MONACO,PANATHINAIKOS AKTOR ATHENS
2024,289,496,PAN,P012774,"NUNN, KENDRICK",2FGM,Two Pointer,2,0,25,A,1,0,0,40,00:16,74,88,20250403185218,289,"Apr 03, 2025",AS MONACO,PANATHINAIKOS AKTOR ATHENS
2024,305,34,PAN,P012774,"NUNN, KENDRICK",2FGA,Missed Two Pointer,0,163,307,E,0,0,0,3,07:22,4,3,20250411182039,305,"Apr 11, 2025",PANATHINAIKOS AKTOR ATHENS,CRVENA ZVEZDA MERIDIANBET BELGRADE
2024,305,62,PAN,P012774,"NUNN, KENDRICK",2FGM,Two Pointer,2,213,69,C,0,0,0,5,05:14,15,11,20250411182447,305,"Apr 11, 2025",PANATHINAIKOS AKTOR ATHENS,CRVENA ZVEZDA MERIDIANBET BELGRADE
2024,305,65,PAN,P012774,"NUNN, KENDRICK",3FGA,Missed Three Pointer,0,18,771,I,0,0,0,6,04:55,15,11,20250411182533,305,"Apr 11, 2025",PANATHINAIKOS AKTOR ATHENS,CRVENA ZVEZDA MERIDIANBET BELGRADE
2024,305,67,PAN,P012774,"NUNN, KENDRICK",3FGA,Missed Three Pointer,0,470,583,I,0,0,0,6,04:39,15,11,20250411182549,305,"Apr 11, 2025",PANATHINAIKOS AKTOR ATHENS,CRVENA ZVEZDA MERIDIANBET BELGRADE
2024,305,194,PAN,P012774,"NUNN, KENDRICK",2FGA,Missed Two Pointer,0,-81,100,B,0,0,0,16,04:31,37,34,20250411185038,305,"Apr 11, 2025",PANATHINAIKOS AKTOR ATHENS,CRVENA ZVEZDA MERIDIANBET BELGRADE
2024,305,218,PAN,P012774,"NUNN, KENDRICK",3FGM,Three Pointer,3,483,583,I,0,0,0,17,03:02,42,39,20250411185457,305,"Apr 11, 2025",PANATHINAIKOS AKTOR ATHENS,CRVENA ZVEZDA MERIDIANBET BELGRADE
2024,305,236,PAN,P012774,"NUNN, KENDRICK",2FGA,Missed Two Pointer,0,-150,150,B,0,0,0,19,01:43,42,44,20250411185842,305,"Apr 11, 2025",PANATHINAIKOS AKTOR ATHENS,CRVENA ZVEZDA MERIDIANBET BELGRADE
2024,305,248,PAN,P012774,"NUNN, KENDRICK",3FGM,Three Pointer,3,144,746,I,0,0,0,20,00:40,45,47,20250411190100,305,"Apr 11, 2025",PANATHINAIKOS AKTOR ATHENS,CRVENA ZVEZDA MERIDIANBET BELGRADE
2024,305,254,PAN,P012774,"NUNN, KENDRICK",FTM,Free Throw In,1,-1,-1, ,0,0,0,20,00:02,46,49,20250411190202,305,"Apr 11, 2025",PANATHINAIKOS AKTOR ATHENS,CRVENA ZVEZDA MERIDIANBET BELGRADE
2024,305,255,PAN,P012774,"NUNN, KENDRICK",FTM,Free Throw In,1,-1,-1, ,0,0,0,20,00:02,47,49,20250411190220,305,"Apr 11, 2025",PANATHINAIKOS AKTOR ATHENS,CRVENA ZVEZDA MERIDIANBET BELGRADE
2024,305,270,PAN,P012774,"NUNN, KENDRICK",2FGM,Two Pointer,2,31,257,E,0,0,0,21,09:01,49,51,20250411191916,305,"Apr 11, 2025",PANATHINAIKOS AKTOR ATHENS,CRVENA ZVEZDA MERIDIANBET BELGRADE
2024,305,278,PAN,P012774,"NUNN, KENDRICK",3FGM,Three Pointer,3,-219,771,H,0,0,0,22,08:24,52,52,20250411192036,305,"Apr 11, 2025",PANATHINAIKOS AKTOR ATHENS,CRVENA ZVEZDA MERIDIANBET BELGRADE
2024,305,288,PAN,P012774,"NUNN, KENDRICK",3FGA,Missed Three Pointer,0,18,777,I,0,0,0,23,07:30,54,59,20250411192226,305,"Apr 11, 2025",PANATHINAIKOS AKTOR ATHENS,CRVENA ZVEZDA MERIDIANBET BELGRADE
2024,305,317,PAN,P012774,"NUNN, KENDRICK",3FGM,Three Pointer,3,-81,702,H,0,1,0,25,05:48,61,62,20250411192657,305,"Apr 11, 2025",PANATHINAIKOS AKTOR ATHENS,CRVENA ZVEZDA MERIDIANBET BELGRADE
2024,305,324,PAN,P012774,"NUNN, KENDRICK",FTM,Free Throw In,1,-1,-1, ,0,0,0,25,05:11,62,64,20250411192819,305,"Apr 11, 2025",PANATHINAIKOS AKTOR ATHENS,CRVENA ZVEZDA MERIDIANBET BELGRADE
2024,305,338,PAN,P012774,"NUNN, KENDRICK",2FGA,Missed Two Pointer,0,-269,238,D,0,0,0,26,04:11,66,68,20250411193208,305,"Apr 11, 2025",PANATHINAIKOS AKTOR ATHENS,CRVENA ZVEZDA MERIDIANBET BELGRADE
2024,305,433,PAN,P012774,"NUNN, KENDRICK",3FGM,Three Pointer,3,-163,690,H,0,0,0,34,06:33,82,82,20250411194936,305,"Apr 11, 2025",PANATHINAIKOS AKTOR ATHENS,CRVENA ZVEZDA MERIDIANBET BELGRADE
2024,305,462,PAN,P012774,"NUNN, KENDRICK",FTM,Free Throw In,1,-1,-1, ,0,0,0,36,04:53,85,85,20250411195454,305,"Apr 11, 2025",PANATHINAIKOS AKTOR ATHENS,CRVENA ZVEZDA MERIDIANBET BELGRADE
2024,305,463,PAN,P012774,"NUNN, KENDRICK",FTM,Free Throw In,1,-1,-1, ,0,0,0,36,04:53,86,85,20250411195506,305,"Apr 11, 2025",PANATHINAIKOS AKTOR ATHENS,CRVENA ZVEZDA MERIDIANBET BELGRADE
2024,305,466,PAN,P012774,"NUNN, KENDRICK",2FGA,Missed Two Pointer,0,-87,238,D,0,0,0,36,04:12,86,87,20250411195549,305,"Apr 11, 2025",PANATHINAIKOS AKTOR ATHENS,CRVENA ZVEZDA MERIDIANBET BELGRADE
2024,305,487,PAN,P012774,"NUNN, KENDRICK",3FGM,Three Pointer,3,-671,276,H,0,0,0,38,02:48,89,94,20250411195955,305,"Apr 11, 2025",PANATHINAIKOS AKTOR ATHENS,CRVENA ZVEZDA MERIDIANBET BELGRADE
2024,305,490,PAN,P012774,"NUNN, KENDRICK",3FGA,Missed Three Pointer,0,276,702,I,0,0,0,38,02:09,89,94,20250411200034,305,"Apr 11, 2025",PANATHINAIKOS AKTOR ATHENS,CRVENA ZVEZDA MERIDIANBET BELGRADE
2024,305,539,PAN,P012774,"NUNN, KENDRICK",FTM,Free Throw In,1,-1,-1, ,0,0,0,42,03:29,97,98,20250411201649,305,"Apr 11, 2025",PANATHINAIKOS AKTOR ATHENS,CRVENA ZVEZDA MERIDIANBET BELGRADE
2024,305,540,PAN,P012774,"NUNN, KENDRICK",FTM,Free Throw In,1,-1,-1, ,0,0,0,42,03:29,98,98,20250411201704,305,"Apr 11, 2025",PANATHINAIKOS AKTOR ATHENS,CRVENA ZVEZDA MERIDIANBET BELGRADE
2024,305,580,PAN,P012774,"NUNN, KENDRICK",2FGM,Two Pointer,2,-119,69,B,1,0,0,44,01:31,106,103,20250411202505,305,"Apr 11, 2025",PANATHINAIKOS AKTOR ATHENS,CRVENA ZVEZDA MERIDIANBET BELGRADE
2024,312,33,PAN,P012774,"NUNN, KENDRICK",3FGM,Three Pointer,3,-69,721,H,0,0,0,3,07:37,7,6,20250422183450,312,"Apr 22, 2025",PANATHINAIKOS AKTOR ATHENS,ANADOLU EFES ISTANBUL
2024,312,69,PAN,P012774,"NUNN, KENDRICK",3FGA,Missed Three Pointer,0,-232,734,H,0,0,0,7,03:42,15,10,20250422184133,312,"Apr 22, 2025",PANATHINAIKOS AKTOR ATHENS,ANADOLU EFES ISTANBUL
2024,312,86,PAN,P012774,"NUNN, KENDRICK",2FGA,Missed Two Pointer,0,-144,69,B,0,0,0,8,02:44,17,12,20250422184333,312,"Apr 22, 2025",PANATHINAIKOS AKTOR ATHENS,ANADOLU EFES ISTANBUL
2024,312,216,PAN,P012774,"NUNN, KENDRICK",2FGA,Missed Two Pointer,0,-112,125,B,0,0,0,15,05:28,32,30,20250422190322,312,"Apr 22, 2025",PANATHINAIKOS AKTOR ATHENS,ANADOLU EFES ISTANBUL
2024,312,220,PAN,P012774,"NUNN, KENDRICK",2FGA,Missed Two Pointer,0,69,125,C,0,0,0,15,05:05,32,33,20250422190345,312,"Apr 22, 2025",PANATHINAIKOS AKTOR ATHENS,ANADOLU EFES ISTANBUL
2024,312,228,PAN,P012774,"NUNN, KENDRICK",3FGA,Missed Three Pointer,0,-627,595,H,0,0,0,16,04:23,32,35,20250422190609,312,"Apr 22, 2025",PANATHINAIKOS AKTOR ATHENS,ANADOLU EFES ISTANBUL
2024,312,243,PAN,P012774,"NUNN, KENDRICK",2FGM,Two Pointer,2,181,181,E,0,0,0,18,02:36,36,42,20250422190823,312,"Apr 22, 2025",PANATHINAIKOS AKTOR ATHENS,ANADOLU EFES ISTANBUL
2024,312,277,PAN,P012774,"NUNN, KENDRICK",3FGA,Missed Three Pointer,0,282,702,I,0,0,0,20,00:07,40,48,20250422191247,312,"Apr 22, 2025",PANATHINAIKOS AKTOR ATHENS,ANADOLU EFES ISTANBUL
2024,312,292,PAN,P012774,"NUNN, KENDRICK",2FGA,Missed Two Pointer,0,-156,219,D,0,0,0,21,09:33,40,50,20250422192950,312,"Apr 22, 2025",PANATHINAIKOS AKTOR ATHENS,ANADOLU EFES ISTANBUL
2024,312,313,PAN,P012774,"NUNN, KENDRICK",3FGA,Missed Three Pointer,0,483,621,I,0,0,0,23,07:45,43,52,20250422193152,312,"Apr 22, 2025",PANATHINAIKOS AKTOR ATHENS,ANADOLU EFES ISTANBUL
2024,312,317,PAN,P012774,"NUNN, KENDRICK",3FGM,Three Pointer,3,200,727,I,0,0,0,23,07:04,46,55,20250422193234,312,"Apr 22, 2025",PANATHINAIKOS AKTOR ATHENS,ANADOLU EFES ISTANBUL
2024,312,336,PAN,P012774,"NUNN, KENDRICK",3FGA,Missed Three Pointer,0,-56,740,H,0,0,0,25,05:59,48,55,20250422193455,312,"Apr 22, 2025",PANATHINAIKOS AKTOR ATHENS,ANADOLU EFES ISTANBUL
2024,312,352,PAN,P012774,"NUNN, KENDRICK",3FGM,Three Pointer,3,671,56,I,0,1,0,26,04:23,54,60,20250422193644,312,"Apr 22, 2025",PANATHINAIKOS AKTOR ATHENS,ANADOLU EFES ISTANBUL
2024,312,405,PAN,P012774,"NUNN, KENDRICK",FTM,Free Throw In,1,-1,-1, ,1,0,0,28,02:06,59,70,20250422194506,312,"Apr 22, 2025",PANATHINAIKOS AKTOR ATHENS,ANADOLU EFES ISTANBUL
2024,312,406,PAN,P012774,"NUNN, KENDRICK",FTM,Free Throw In,1,-1,-1, ,1,0,0,28,02:06,60,70,20250422194521,312,"Apr 22, 2025",PANATHINAIKOS AKTOR ATHENS,ANADOLU EFES ISTANBUL
2024,312,457,PAN,P012774,"NUNN, KENDRICK",3FGA,Missed Three Pointer,0,345,702,I,0,0,0,32,08:28,68,72,20250422195427,312,"Apr 22, 2025",PANATHINAIKOS AKTOR ATHENS,ANADOLU EFES ISTANBUL
2024,312,550,PAN,P012774,"NUNN, KENDRICK",3FGA,Missed Three Pointer,0,501,602,I,0,0,0,39,01:37,80,78,20250422201415,312,"Apr 22, 2025",PANATHINAIKOS AKTOR ATHENS,ANADOLU EFES ISTANBUL
2024,312,591,PAN,P012774,"NUNN, KENDRICK",FTM,Free Throw In,1,-1,-1, ,0,0,0,40,00:16,86,80,20250422202205,312,"Apr 22, 2025",PANATHINAIKOS AKTOR ATHENS,ANADOLU EFES ISTANBUL
2024,312,592,PAN,P012774,"NUNN, KENDRICK",FTM,Free Throw In,1,-1,-1, ,0,0,0,40,00:16,87,80,20250422202220,312,"Apr 22, 2025",PANATHINAIKOS AKTOR ATHENS,ANADOLU EFES ISTANBUL
2024,316,21,PAN,P012774,"NUNN, KENDRICK",2FGA,Missed Two Pointer,0,106,69,C,0,0,0,1,09:22,0,0,20250424183156,316,"Apr 24, 2025",PANATHINAIKOS AKTOR ATHENS,ANADOLU EFES ISTANBUL
2024,316,76,PAN,P012774,"NUNN, KENDRICK",2FGM,Two Pointer,2,156,43,C,0,0,0,6,04:40,14,10,20250424184104,316,"Apr 24, 2025",PANATHINAIKOS AKTOR ATHENS,ANADOLU EFES ISTANBUL
2024,316,99,PAN,P012774,"NUNN, KENDRICK",3FGA,Missed Three Pointer,0,43,746,I,0,0,0,8,02:50,18,15,20250424184636,316,"Apr 24, 2025",PANATHINAIKOS AKTOR ATHENS,ANADOLU EFES ISTANBUL
2024,316,136,PAN,P012774,"NUNN, KENDRICK",2FGM,Two Pointer,2,-119,87,B,0,0,0,10,01:00,29,17,20250424185120,316,"Apr 24, 2025",PANATHINAIKOS AKTOR ATHENS,ANADOLU EFES ISTANBUL
2024,316,147,PAN,P012774,"NUNN, KENDRICK",3FGA,Missed Three Pointer,0,-363,671,H,0,0,0,12,08:51,32,20,20250424185534,316,"Apr 24, 2025",PANATHINAIKOS AKTOR ATHENS,ANADOLU EFES ISTANBUL
2024,316,268,PAN,P012774,"NUNN, KENDRICK",2FGA,Missed Two Pointer,0,31,200,C,0,0,0,20,00:31,42,36,20250424191358,316,"Apr 24, 2025",PANATHINAIKOS AKTOR ATHENS,ANADOLU EFES ISTANBUL
2024,316,284,PAN,P012774,"NUNN, KENDRICK",2FGM,Two Pointer,2,-87,87,B,0,0,0,21,09:40,44,36,20250424193041,316,"Apr 24, 2025",PANATHINAIKOS AKTOR ATHENS,ANADOLU EFES ISTANBUL
2024,316,313,PAN,P012774,"NUNN, KENDRICK",2FGA,Missed Two Pointer,0,163,213,E,0,0,0,23,07:17,50,38,20250424193630,316,"Apr 24, 2025",PANATHINAIKOS AKTOR ATHENS,ANADOLU EFES ISTANBUL
2024,316,320,PAN,P012774,"NUNN, KENDRICK",2FGA,Missed Two Pointer,0,-150,106,B,0,0,0,24,06:37,50,38,20250424193713,316,"Apr 24, 2025",PANATHINAIKOS AKTOR ATHENS,ANADOLU EFES ISTANBUL
2024,316,414,PAN,P012774,"NUNN, KENDRICK",2FGM,Two Pointer,2,-18,382,D,0,0,0,30,00:23,57,50,20250424195125,316,"Apr 24, 2025",PANATHINAIKOS AKTOR ATHENS,ANADOLU EFES ISTANBUL
2024,316,434,PAN,P012774,"NUNN, KENDRICK",2FGA,Missed Two Pointer,0,94,238,E,0,0,0,32,08:50,60,50,20250424195639,316,"Apr 24, 2025",PANATHINAIKOS AKTOR ATHENS,ANADOLU EFES ISTANBUL
2024,316,501,PAN,P012774,"NUNN, KENDRICK",3FGA,Missed Three Pointer,0,495,552,I,0,0,0,37,03:39,66,64,20250424200934,316,"Apr 24, 2025",PANATHINAIKOS AKTOR ATHENS,ANADOLU EFES ISTANBUL
2024,316,505,PAN,P012774,"NUNN, KENDRICK",2FGM,Two Pointer,2,87,81,C,1,0,0,37,03:22,68,64,20250424200953,316,"Apr 24, 2025",PANATHINAIKOS AKTOR ATHENS,ANADOLU EFES ISTANBUL
2024,316,512,PAN,P012774,"NUNN, KENDRICK",FTM,Free Throw In,1,-1,-1, ,1,0,0,37,03:22,69,64,20250424201043,316,"Apr 24, 2025",PANATHINAIKOS AKTOR ATHENS,ANADOLU EFES ISTANBUL
2024,316,531,PAN,P012774,"NUNN, KENDRICK",2FGA,Missed Two Pointer,0,-100,69,B,0,0,0,38,02:13,71,68,20250424201411,316,"Apr 24, 2025",PANATHINAIKOS AKTOR ATHENS,ANADOLU EFES ISTANBUL
2024,316,552,PAN,P012774,"NUNN, KENDRICK",3FGA,Missed Three Pointer,0,-112,734,H,0,0,0,40,00:21,73,76,20250424202126,316,"Apr 24, 2025",PANATHINAIKOS AKTOR ATHENS,ANADOLU EFES ISTANBUL
2024,316,561,PAN,P012774,"NUNN, KENDRICK",3FGM,Three Pointer,3,-696,-18,H,0,0,0,40,00:18,76,77,20250424202406,316,"Apr 24, 2025",PANATHINAIKOS AKTOR ATHENS,ANADOLU EFES ISTANBUL
2024,316,572,PAN,P012774,"NUNN, KENDRICK",3FGA,Missed Three Pointer,0,508,545,I,0,0,0,40,01:00,76,79,20250424202715,316,"Apr 24, 2025",PANATHINAIKOS AKTOR ATHENS,ANADOLU EFES ISTANBUL
2024,320,38,PAN,P012774,"NUNN, KENDRICK",2FGA,Missed Two Pointer,0,-131,25,B,0,0,0,4,06:14,8,9,20250430175045,320,"Apr 30, 2025",ANADOLU EFES ISTANBUL,PANATHINAIKOS AKTOR ATHENS
2024,320,46,PAN,P012774,"NUNN, KENDRICK",2FGM,Two Pointer,2,-37,106,B,0,0,0,5,05:15,13,11,20250430175154,320,"Apr 30, 2025",ANADOLU EFES ISTANBUL,PANATHINAIKOS AKTOR ATHENS
2024,320,58,PAN,P012774,"NUNN, KENDRICK",2FGA,Missed Two Pointer,0,0,326,D,0,0,0,7,03:55,13,11,20250430175531,320,"Apr 30, 2025",ANADOLU EFES ISTANBUL,PANATHINAIKOS AKTOR ATHENS
2024,320,82,PAN,P012774,"NUNN, KENDRICK",2FGM,Two Pointer,2,225,94,C,0,0,0,8,02:06,18,16,20250430175853,320,"Apr 30, 2025",ANADOLU EFES ISTANBUL,PANATHINAIKOS AKTOR ATHENS
2024,320,102,PAN,P012774,"NUNN, KENDRICK",3FGA,Missed Three Pointer,0,-263,664,H,0,0,0,10,00:03,23,20,20250430180158,320,"Apr 30, 2025",ANADOLU EFES ISTANBUL,PANATHINAIKOS AKTOR ATHENS
2024,320,265,PAN,P012774,"NUNN, KENDRICK",2FGM,Two Pointer,2,138,87,C,1,0,0,20,00:01,39,45,20250430183020,320,"Apr 30, 2025",ANADOLU EFES ISTANBUL,PANATHINAIKOS AKTOR ATHENS
2024,320,291,PAN,P012774,"NUNN, KENDRICK",2FGM,Two Pointer,2,307,200,E,0,0,0,22,08:56,39,47,20250430184833,320,"Apr 30, 2025",ANADOLU EFES ISTANBUL,PANATHINAIKOS AKTOR ATHENS
2024,320,302,PAN,P012774,"NUNN, KENDRICK",2FGM,Two Pointer,2,-207,188,D,0,0,1,22,08:06,39,49,20250430185028,320,"Apr 30, 2025",ANADOLU EFES ISTANBUL,PANATHINAIKOS AKTOR ATHENS
2024,320,317,PAN,P012774,"NUNN, KENDRICK",2FGM,Two Pointer,2,75,43,C,1,0,1,24,06:59,42,51,20250430185136,320,"Apr 30, 2025",ANADOLU EFES ISTANBUL,PANATHINAIKOS AKTOR ATHENS
2024,320,390,PAN,P012774,"NUNN, KENDRICK",FTM,Free Throw In,1,-1,-1, ,0,0,1,28,02:20,48,60,20250430190414,320,"Apr 30, 2025",ANADOLU EFES ISTANBUL,PANATHINAIKOS AKTOR ATHENS
2024,320,391,PAN,P012774,"NUNN, KENDRICK",FTM,Free Throw In,1,-1,-1, ,0,0,1,28,02:20,48,61,20250430190431,320,"Apr 30, 2025",ANADOLU EFES ISTANBUL,PANATHINAIKOS AKTOR ATHENS
2024,320,394,PAN,P012774,"NUNN, KENDRICK",2FGM,Two Pointer,2,12,175,C,0,0,0,29,01:34,50,63,20250430190522,320,"Apr 30, 2025",ANADOLU EFES ISTANBUL,PANATHINAIKOS AKTOR ATHENS
2024,320,465,PAN,P012774,"NUNN, KENDRICK",2FGM,Two Pointer,2,225,69,C,0,0,0,35,05:23,64,67,20250430192255,320,"Apr 30, 2025",ANADOLU EFES ISTANBUL,PANATHINAIKOS AKTOR ATHENS
2024,320,470,PAN,P012774,"NUNN, KENDRICK",FTM,Free Throw In,1,-1,-1, ,0,0,0,35,05:23,64,68,20250430192333,320,"Apr 30, 2025",ANADOLU EFES ISTANBUL,PANATHINAIKOS AKTOR ATHENS
2024,320,485,PAN,P012774,"NUNN, KENDRICK",2FGM,Two Pointer,2,301,451,G,0,0,0,36,04:01,68,70,20250430192841,320,"Apr 30, 2025",ANADOLU EFES ISTANBUL,PANATHINAIKOS AKTOR ATHENS
2024,320,497,PAN,P012774,"NUNN, KENDRICK",2FGA,Missed Two Pointer,0,169,25,C,0,0,0,38,02:49,70,70,20250430193044,320,"Apr 30, 2025",ANADOLU EFES ISTANBUL,PANATHINAIKOS AKTOR ATHENS
2024,320,501,PAN,P012774,"NUNN, KENDRICK",3FGA,Missed Three Pointer,0,244,658,I,0,0,0,38,02:43,70,70,20250430193301,320,"Apr 30, 2025",ANADOLU EFES ISTANBUL,PANATHINAIKOS AKTOR ATHENS
2024,320,529,PAN,P012774,"NUNN, KENDRICK",FTM,Free Throw In,1,-1,-1, ,0,1,1,39,01:42,70,71,20250430193816,320,"Apr 30, 2025",ANADOLU EFES ISTANBUL,PANATHINAIKOS AKTOR ATHENS
2024,320,532,PAN,P012774,"NUNN, KENDRICK",FTM,Free Throw In,1,-1,-1, ,0,1,1,39,01:42,70,72,20250430193837,320,"Apr 30, 2025",ANADOLU EFES ISTANBUL,PANATHINAIKOS AKTOR ATHENS
2024,320,534,PAN,P012774,"NUNN, KENDRICK",2FGA,Missed Two Pointer,0,-225,31,B,0,0,0,39,01:02,72,72,20250430193922,320,"Apr 30, 2025",ANADOLU EFES ISTANBUL,PANATHINAIKOS AKTOR ATHENS
2024,320,581,PAN,P012774,"NUNN, KENDRICK",FTM,Free Throw In,1,-1,-1, ,0,0,0,40,00:03,77,80,20250430195240,320,"Apr 30, 2025",ANADOLU EFES ISTANBUL,PANATHINAIKOS AKTOR ATHENS
2024,320,582,PAN,P012774,"NUNN, KENDRICK",FTM,Free Throw In,1,-1,-1, ,0,0,0,40,00:03,77,81,20250430195259,320,"Apr 30, 2025",ANADOLU EFES ISTANBUL,PANATHINAIKOS AKTOR ATHENS
2024,324,16,PAN,P012774,"NUNN, KENDRICK",FTM,Free Throw In,1,-1,-1, ,0,0,1,2,08:45,2,4,20250502173334,324,"May 02, 2025",ANADOLU EFES ISTANBUL,PANATHINAIKOS AKTOR ATHENS
2024,324,41,PAN,P012774,"NUNN, KENDRICK",2FGA,Missed Two Pointer,0,307,288,E,0,0,0,4,06:24,7,9,20250502173613,324,"May 02, 2025",ANADOLU EFES ISTANBUL,PANATHINAIKOS AKTOR ATHENS
2024,324,95,PAN,P012774,"NUNN, KENDRICK",FTM,Free Throw In,1,-1,-1, ,0,0,0,7,03:15,14,15,20250502174605,324,"May 02, 2025",ANADOLU EFES ISTANBUL,PANATHINAIKOS AKTOR ATHENS
2024,324,96,PAN,P012774,"NUNN, KENDRICK",FTM,Free Throw In,1,-1,-1, ,0,0,0,7,03:15,14,16,20250502174620,324,"May 02, 2025",ANADOLU EFES ISTANBUL,PANATHINAIKOS AKTOR ATHENS
2024,324,122,PAN,P012774,"NUNN, KENDRICK",3FGA,Missed Three Pointer,0,395,633,I,0,0,0,10,00:43,21,18,20250502175020,324,"May 02, 2025",ANADOLU EFES ISTANBUL,PANATHINAIKOS AKTOR ATHENS
2024,324,208,PAN,P012774,"NUNN, KENDRICK",2FGA,Missed Two Pointer,0,43,200,C,0,0,0,16,04:50,28,28,20250502180449,324,"May 02, 2025",ANADOLU EFES ISTANBUL,PANATHINAIKOS AKTOR ATHENS
2024,324,272,PAN,P012774,"NUNN, KENDRICK",2FGA,Missed Two Pointer,0,-370,12,D,0,0,0,20,00:05,35,33,20250502181615,324,"May 02, 2025",ANADOLU EFES ISTANBUL,PANATHINAIKOS AKTOR ATHENS
2024,324,299,PAN,P012774,"NUNN, KENDRICK",2FGM,Two Pointer,2,414,75,E,0,0,0,21,09:13,40,35,20250502183740,324,"May 02, 2025",ANADOLU EFES ISTANBUL,PANATHINAIKOS AKTOR ATHENS
2024,324,307,PAN,P012774,"NUNN, KENDRICK",2FGA,Missed Two Pointer,0,357,56,E,0,0,0,22,08:35,42,35,20250502183819,324,"May 02, 2025",ANADOLU EFES ISTANBUL,PANATHINAIKOS AKTOR ATHENS
2024,324,324,PAN,P012774,"NUNN, KENDRICK",FTM,Free Throw In,1,-1,-1, ,0,0,0,24,06:59,45,40,20250502184049,324,"May 02, 2025",ANADOLU EFES ISTANBUL,PANATHINAIKOS AKTOR ATHENS
2024,324,453,PAN,P012774,"NUNN, KENDRICK",3FGM,Three Pointer,3,-307,696,H,0,0,0,34,06:58,63,64,20250502190842,324,"May 02, 2025",ANADOLU EFES ISTANBUL,PANATHINAIKOS AKTOR ATHENS
2024,324,458,PAN,P012774,"NUNN, KENDRICK",3FGA,Missed Three Pointer,0,345,608,I,0,0,0,34,06:21,66,64,20250502191002,324,"May 02, 2025",ANADOLU EFES ISTANBUL,PANATHINAIKOS AKTOR ATHENS
2024,324,469,PAN,P012774,"NUNN, KENDRICK",2FGA,Missed Two Pointer,0,-87,163,B,0,0,0,35,05:46,66,64,20250502191117,324,"May 02, 2025",ANADOLU EFES ISTANBUL,PANATHINAIKOS AKTOR ATHENS
2024,324,486,PAN,P012774,"NUNN, KENDRICK",2FGA,Missed Two Pointer,0,-125,87,B,0,0,0,36,04:21,69,66,20250502191431,324,"May 02, 2025",ANADOLU EFES ISTANBUL,PANATHINAIKOS AKTOR ATHENS
2024,324,537,PAN,P012774,"NUNN, KENDRICK",2FGA,Missed Two Pointer,0,294,62,E,0,0,0,40,00:35,77,73,20250502192619,324,"May 02, 2025",ANADOLU EFES ISTANBUL,PANATHINAIKOS AKTOR ATHENS
2024,324,541,PAN,P012774,"NUNN, KENDRICK",3FGM,Three Pointer,3,702,0,I,0,1,0,40,00:30,77,76,20250502192642,324,"May 02, 2025",ANADOLU EFES ISTANBUL,PANATHINAIKOS AKTOR ATHENS
2024,326,43,PAN,P012774,"NUNN, KENDRICK",3FGA,Missed Three Pointer,0,520,533,I,0,0,0,3,07:23,5,3,20250506185019,326,"May 06, 2025",PANATHINAIKOS AKTOR ATHENS,ANADOLU EFES ISTANBUL
2024,326,80,PAN,P012774,"NUNN, KENDRICK",3FGA,Missed Three Pointer,0,-144,765,H,0,0,0,6,04:43,10,6,20250506185705,326,"May 06, 2025",PANATHINAIKOS AKTOR ATHENS,ANADOLU EFES ISTANBUL
2024,326,152,PAN,P012774,"NUNN, KENDRICK",3FGM,Three Pointer,3,238,696,I,0,0,0,11,09:42,21,10,20250506191017,326,"May 06, 2025",PANATHINAIKOS AKTOR ATHENS,ANADOLU EFES ISTANBUL
2024,326,162,PAN,P012774,"NUNN, KENDRICK",3FGA,Missed Three Pointer,0,414,583,I,0,0,0,12,08:30,23,10,20250506191147,326,"May 06, 2025",PANATHINAIKOS AKTOR ATHENS,ANADOLU EFES ISTANBUL
2024,326,179,PAN,P012774,"NUNN, KENDRICK",2FGM,Two Pointer,2,163,238,E,0,0,0,13,07:41,26,11,20250506191417,326,"May 06, 2025",PANATHINAIKOS AKTOR ATHENS,ANADOLU EFES ISTANBUL
2024,326,182,PAN,P012774,"NUNN, KENDRICK",3FGM,Three Pointer,3,213,727,I,0,0,0,13,07:16,29,11,20250506191458,326,"May 06, 2025",PANATHINAIKOS AKTOR ATHENS,ANADOLU EFES ISTANBUL
2024,326,263,PAN,P012774,"NUNN, KENDRICK",2FGA,Missed Two Pointer,0,-56,301,D,0,0,0,18,02:33,36,22,20250506193130,326,"May 06, 2025",PANATHINAIKOS AKTOR ATHENS,ANADOLU EFES ISTANBUL
2024,326,336,PAN,P012774,"NUNN, KENDRICK",3FGA,Missed Three Pointer,0,-175,715,H,0,0,0,22,08:57,41,30,20250506195731,326,"May 06, 2025",PANATHINAIKOS AKTOR ATHENS,ANADOLU EFES ISTANBUL
2024,326,338,PAN,P012774,"NUNN, KENDRICK",3FGA,Missed Three Pointer,0,282,646,I,0,0,0,22,08:47,41,30,20250506195800,326,"May 06, 2025",PANATHINAIKOS AKTOR ATHENS,ANADOLU EFES ISTANBUL
2024,326,346,PAN,P012774,"NUNN, KENDRICK",3FGA,Missed Three Pointer,0,156,696,I,0,0,0,22,08:01,41,30,20250506195846,326,"May 06, 2025",PANATHINAIKOS AKTOR ATHENS,ANADOLU EFES ISTANBUL
2024,326,393,PAN,P012774,"NUNN, KENDRICK",3FGA,Missed Three Pointer,0,457,583,I,0,0,0,27,03:37,47,39,20250506200949,326,"May 06, 2025",PANATHINAIKOS AKTOR ATHENS,ANADOLU EFES ISTANBUL
2024,326,419,PAN,P012774,"NUNN, KENDRICK",2FGA,Missed Two Pointer,0,-119,263,D,0,0,0,28,02:02,47,41,20250506201314,326,"May 06, 2025",PANATHINAIKOS AKTOR ATHENS,ANADOLU EFES ISTANBUL
2024,326,493,PAN,P012774,"NUNN, KENDRICK",2FGA,Missed Two Pointer,0,87,357,E,0,0,0,32,08:19,53,48,20250506202655,326,"May 06, 2025",PANATHINAIKOS AKTOR ATHENS,ANADOLU EFES ISTANBUL
2024,326,503,PAN,P012774,"NUNN, KENDRICK",FTM,Free Throw In,1,-1,-1, ,0,1,0,32,08:14,54,48,20250506202733,326,"May 06, 2025",PANATHINAIKOS AKTOR ATHENS,ANADOLU EFES ISTANBUL
2024,326,504,PAN,P012774,"NUNN, KENDRICK",FTM,Free Throw In,1,-1,-1, ,0,1,0,32,08:14,55,48,20250506202754,326,"May 06, 2025",PANATHINAIKOS AKTOR ATHENS,ANADOLU EFES ISTANBUL
2024,326,527,PAN,P012774,"NUNN, KENDRICK",3FGA,Missed Three Pointer,0,94,702,I,0,0,0,34,06:33,57,51,20250506203350,326,"May 06, 2025",PANATHINAIKOS AKTOR ATHENS,ANADOLU EFES ISTANBUL
2024,326,589,PAN,P012774,"NUNN, KENDRICK",2FGM,Two Pointer,2,-43,257,D,0,0,0,38,02:51,65,58,20250506204549,326,"May 06, 2025",PANATHINAIKOS AKTOR ATHENS,ANADOLU EFES ISTANBUL
2024,326,639,PAN,P012774,"NUNN, KENDRICK",3FGA,Missed Three Pointer,0,56,727,I,0,0,0,38,02:29,65,58,20250506205655,326,"May 06, 2025",PANATHINAIKOS AKTOR ATHENS,ANADOLU EFES ISTANBUL
2024,328,39,PAN,P012774,"NUNN, KENDRICK",2FGA,Missed Two Pointer,0,43,225,E,0,0,0,4,06:58,8,5,20250523150455,328,"May 23, 2025",FENERBAHCE BEKO ISTANBUL,PANATHINAIKOS AKTOR ATHENS
2024,328,71,PAN,P012774,"NUNN, KENDRICK",2FGM,Two Pointer,2,43,332,E,0,0,1,7,03:52,13,12,20250523151133,328,"May 23, 2025",FENERBAHCE BEKO ISTANBUL,PANATHINAIKOS AKTOR ATHENS
2024,328,74,PAN,P012774,"NUNN, KENDRICK",3FGA,Missed Three Pointer,0,-363,702,H,0,0,0,7,03:17,16,12,20250523151209,328,"May 23, 2025",FENERBAHCE BEKO ISTANBUL,PANATHINAIKOS AKTOR ATHENS
2024,328,161,PAN,P012774,"NUNN, KENDRICK",FTM,Free Throw In,1,-1,-1, ,0,0,0,13,07:33,31,19,20250523152258,328,"May 23, 2025",FENERBAHCE BEKO ISTANBUL,PANATHINAIKOS AKTOR ATHENS
2024,328,164,PAN,P012774,"NUNN, KENDRICK",2FGM,Two Pointer,2,-119,150,B,0,1,0,13,07:33,31,21,20250523152319,328,"May 23, 2025",FENERBAHCE BEKO ISTANBUL,PANATHINAIKOS AKTOR ATHENS
2024,328,179,PAN,P012774,"NUNN, KENDRICK",3FGA,Missed Three Pointer,0,652,376,I,0,0,0,14,06:24,31,23,20250523152708,328,"May 23, 2025",FENERBAHCE BEKO ISTANBUL,PANATHINAIKOS AKTOR ATHENS
2024,328,210,PAN,P012774,"NUNN, KENDRICK",2FGM,Two Pointer,2,75,200,C,0,0,0,17,03:37,35,25,20250523153406,328,"May 23, 2025",FENERBAHCE BEKO ISTANBUL,PANATHINAIKOS AKTOR ATHENS
2024,328,223,PAN,P012774,"NUNN, KENDRICK",FTM,Free Throw In,1,-1,-1, ,0,0,0,17,03:12,35,26,20250523153531,328,"May 23, 2025",FENERBAHCE BEKO ISTANBUL,PANATHINAIKOS AKTOR ATHENS
2024,328,224,PAN,P012774,"NUNN, KENDRICK",FTM,Free Throw In,1,-1,-1, ,0,0,0,17,03:12,35,27,20250523153546,328,"May 23, 2025",FENERBAHCE BEKO ISTANBUL,PANATHINAIKOS AKTOR ATHENS
2024,328,227,PAN,P012774,"NUNN, KENDRICK",2FGA,Missed Two Pointer,0,-25,75,B,0,0,0,18,02:35,35,27,20250523153636,328,"May 23, 2025",FENERBAHCE BEKO ISTANBUL,PANATHINAIKOS AKTOR ATHENS
2024,328,244,PAN,P012774,"NUNN, KENDRICK",2FGA,Missed Two Pointer,0,194,43,C,0,0,0,19,01:43,35,27,20250523153806,328,"May 23, 2025",FENERBAHCE BEKO ISTANBUL,PANATHINAIKOS AKTOR ATHENS
2024,328,279,PAN,P012774,"NUNN, KENDRICK",2FGM,Two Pointer,2,6,376,E,0,1,0,20,01:00,38,33,20250523154348,328,"May 23, 2025",FENERBAHCE BEKO ISTANBUL,PANATHINAIKOS AKTOR ATHENS
2024,328,308,PAN,P012774,"NUNN, KENDRICK",3FGA,Missed Three Pointer,0,-138,790,H,0,0,0,23,07:52,38,35,20250523160235,328,"May 23, 2025",FENERBAHCE BEKO ISTANBUL,PANATHINAIKOS AKTOR ATHENS
2024,328,322,PAN,P012774,"NUNN, KENDRICK",2FGM,Two Pointer,2,-25,131,B,0,0,0,23,07:08,38,37,20250523160405,328,"May 23, 2025",FENERBAHCE BEKO ISTANBUL,PANATHINAIKOS AKTOR ATHENS
2024,328,345,PAN,P012774,"NUNN, KENDRICK",2FGM,Two Pointer,2,-426,69,D,0,0,0,26,04:56,42,39,20250523160753,328,"May 23, 2025",FENERBAHCE BEKO ISTANBUL,PANATHINAIKOS AKTOR ATHENS
2024,328,350,PAN,P012774,"NUNN, KENDRICK",FTM,Free Throw In,1,-1,-1, ,0,0,0,26,04:56,42,40,20250523161008,328,"May 23, 2025",FENERBAHCE BEKO ISTANBUL,PANATHINAIKOS AKTOR ATHENS
2024,328,353,PAN,P012774,"NUNN, KENDRICK",2FGM,Two Pointer,2,69,257,E,0,0,0,26,04:14,45,42,20250523161053,328,"May 23, 2025",FENERBAHCE BEKO ISTANBUL,PANATHINAIKOS AKTOR ATHENS
2024,328,392,PAN,P012774,"NUNN, KENDRICK",3FGA,Missed Three Pointer,0,-69,771,H,0,0,0,29,01:30,52,45,20250523161826,328,"May 23, 2025",FENERBAHCE BEKO ISTANBUL,PANATHINAIKOS AKTOR ATHENS
2024,328,409,PAN,P012774,"NUNN, KENDRICK",FTM,Free Throw In,1,-1,-1, ,0,0,0,30,00:51,53,46,20250523162058,328,"May 23, 2025",FENERBAHCE BEKO ISTANBUL,PANATHINAIKOS AKTOR ATHENS
2024,328,447,PAN,P012774,"NUNN, KENDRICK",3FGA,Missed Three Pointer,0,-43,771,H,0,0,0,32,08:44,56,48,20250523162823,328,"May 23, 2025",FENERBAHCE BEKO ISTANBUL,PANATHINAIKOS AKTOR ATHENS
2024,329,49,PAN,P012774,"NUNN, KENDRICK",2FGM,Two Pointer,2,288,332,G,0,0,1,5,05:51,12,7,20250525140605,329,"May 25, 2025",OLYMPIACOS PIRAEUS,PANATHINAIKOS AKTOR ATHENS
2024,329,52,PAN,P012774,"NUNN, KENDRICK",FTM,Free Throw In,1,-1,-1, ,0,0,1,5,05:51,12,8,20250525140631,329,"May 25, 2025",OLYMPIACOS PIRAEUS,PANATHINAIKOS AKTOR ATHENS
2024,329,97,PAN,P012774,"NUNN, KENDRICK",2FGM,Two Pointer,2,75,62,C,1,0,0,9,01:20,31,18,20250525141356,329,"May 25, 2025",OLYMPIACOS PIRAEUS,PANATHINAIKOS AKTOR ATHENS
2024,329,112,PAN,P012774,"NUNN, KENDRICK",2FGM,Two Pointer,2,-69,294,D,0,0,0,10,00:04,33,20,20250525141529,329,"May 25, 2025",OLYMPIACOS PIRAEUS,PANATHINAIKOS AKTOR ATHENS
2024,329,161,PAN,P012774,"NUNN, KENDRICK",3FGA,Missed Three Pointer,0,219,658,I,0,0,0,14,06:45,40,32,20250525142310,329,"May 25, 2025",OLYMPIACOS PIRAEUS,PANATHINAIKOS AKTOR ATHENS
2024,329,229,PAN,P012774,"NUNN, KENDRICK",3FGA,Missed Three Pointer,0,483,520,I,0,0,0,19,01:11,57,42,20250525143451,329,"May 25, 2025",OLYMPIACOS PIRAEUS,PANATHINAIKOS AKTOR ATHENS
2024,329,233,PAN,P012774,"NUNN, KENDRICK",2FGM,Two Pointer,2,131,50,C,0,1,0,19,01:05,57,44,20250525143501,329,"May 25, 2025",OLYMPIACOS PIRAEUS,PANATHINAIKOS AKTOR ATHENS
2024,329,246,PAN,P012774,"NUNN, KENDRICK",3FGA,Missed Three Pointer,0,301,696,I,0,0,0,20,01:00,57,46,20250525143649,329,"May 25, 2025",OLYMPIACOS PIRAEUS,PANATHINAIKOS AKTOR ATHENS
