Season,Gamecode,NUM_ANOT,TEAM,ID_PLAYER,PLAYER,ID_ACTION,ACTION,POINTS,COORD_X,COORD_Y,ZONE,FASTBREAK,SECOND_CHANCE,POINTS_OFF_TURNOVER,MINUTE,CONSOLE,POINTS_A,POINTS_B,UTC,gameCode,date,home_team,away_team
2023,9,32,MCO,P005985,"JAMES, MIKE",2FGA,Missed Two Pointer,0,-25,156,B,0,0,0,3,08:00,4,3,20231006183626,9,"Oct 06, 2023",VALENCIA BASKET,AS MONACO
2023,9,59,MCO,P005985,"JAMES, MIKE",3FGA,Missed Three Pointer,0,301,664,I,0,0,0,5,05:47,6,7,20231006184004,9,"Oct 06, 2023",VALENCIA BASKET,AS MONACO
2023,9,110,MCO,P005985,"JAMES, MIKE",3FGM,Three Pointer,3,483,558,I,0,0,0,8,02:17,12,18,20231006184728,9,"Oct 06, 2023",VALENCIA BASKET,AS MONACO
2023,9,118,MCO,P005985,"JAMES, MIKE",FTM,Free Throw In,1,-1,-1, ,0,0,0,9,01:45,15,19,20231006184906,9,"Oct 06, 2023",VALENCIA BASKET,AS MONACO
2023,9,119,MCO,P005985,"JAMES, MIKE",FTM,Free Throw In,1,-1,-1, ,0,0,0,9,01:45,15,20,20231006184907,9,"Oct 06, 2023",VALENCIA BASKET,AS MONACO
2023,9,197,MCO,P005985,"JAMES, MIKE",2FGA,Missed Two Pointer,0,43,62,C,0,0,0,14,06:06,26,25,20231006190533,9,"Oct 06, 2023",VALENCIA BASKET,AS MONACO
2023,9,206,MCO,P005985,"JAMES, MIKE",3FGM,Three Pointer,3,-690,-62,H,0,0,0,15,05:24,29,28,20231006190643,9,"Oct 06, 2023",VALENCIA BASKET,AS MONACO
2023,9,211,MCO,P005985,"JAMES, MIKE",2FGM,Two Pointer,2,-282,470,F,0,0,0,16,04:48,32,30,20231006190719,9,"Oct 06, 2023",VALENCIA BASKET,AS MONACO
2023,9,227,MCO,P005985,"JAMES, MIKE",3FGA,Missed Three Pointer,0,508,614,I,0,0,0,17,03:41,32,32,20231006190947,9,"Oct 06, 2023",VALENCIA BASKET,AS MONACO
2023,9,244,MCO,P005985,"JAMES, MIKE",2FGM,Two Pointer,2,326,313,G,0,0,1,19,01:58,32,36,20231006191217,9,"Oct 06, 2023",VALENCIA BASKET,AS MONACO
2023,9,247,MCO,P005985,"JAMES, MIKE",2FGA,Missed Two Pointer,0,100,244,E,0,0,0,19,01:19,34,36,20231006191444,9,"Oct 06, 2023",VALENCIA BASKET,AS MONACO
2023,9,306,MCO,P005985,"JAMES, MIKE",3FGA,Missed Three Pointer,0,131,759,I,0,0,0,21,09:24,41,38,20231006193703,9,"Oct 06, 2023",VALENCIA BASKET,AS MONACO
2023,9,358,MCO,P005985,"JAMES, MIKE",2FGM,Two Pointer,2,69,69,C,0,0,0,26,04:52,41,46,20231006194810,9,"Oct 06, 2023",VALENCIA BASKET,AS MONACO
2023,9,367,MCO,P005985,"JAMES, MIKE",FTM,Free Throw In,1,-1,-1, ,0,0,0,26,04:52,41,47,20231006195052,9,"Oct 06, 2023",VALENCIA BASKET,AS MONACO
2023,9,369,MCO,P005985,"JAMES, MIKE",3FGA,Missed Three Pointer,0,-12,752,H,0,0,0,26,04:15,43,47,20231006195134,9,"Oct 06, 2023",VALENCIA BASKET,AS MONACO
2023,9,383,MCO,P005985,"JAMES, MIKE",2FGM,Two Pointer,2,6,332,E,0,0,0,28,02:45,43,51,20231006195322,9,"Oct 06, 2023",VALENCIA BASKET,AS MONACO
2023,9,441,MCO,P005985,"JAMES, MIKE",3FGA,Missed Three Pointer,0,-219,696,H,0,0,0,32,08:33,53,51,20231006200456,9,"Oct 06, 2023",VALENCIA BASKET,AS MONACO
2023,9,463,MCO,P005985,"JAMES, MIKE",FTM,Free Throw In,1,-1,-1, ,0,0,1,33,07:15,55,55,20231006200751,9,"Oct 06, 2023",VALENCIA BASKET,AS MONACO
2023,9,534,MCO,P005985,"JAMES, MIKE",3FGA,Missed Three Pointer,0,87,809,I,0,0,0,38,02:11,61,60,20231006202110,9,"Oct 06, 2023",VALENCIA BASKET,AS MONACO
2023,9,538,MCO,P005985,"JAMES, MIKE",3FGM,Three Pointer,3,62,809,I,0,1,0,38,02:11,61,63,20231006202116,9,"Oct 06, 2023",VALENCIA BASKET,AS MONACO
2023,9,546,MCO,P005985,"JAMES, MIKE",2FGA,Missed Two Pointer,0,-56,131,B,0,0,0,39,01:47,63,63,20231006202348,9,"Oct 06, 2023",VALENCIA BASKET,AS MONACO
2023,15,47,MCO,P005985,"JAMES, MIKE",3FGM,Three Pointer,3,-69,765,H,0,0,0,3,07:07,5,4,20231013170712,15,"Oct 13, 2023",AS MONACO,VIRTUS SEGAFREDO BOLOGNA
2023,15,73,MCO,P005985,"JAMES, MIKE",2FGA,Missed Two Pointer,0,207,432,G,0,0,0,6,04:43,7,12,20231013171326,15,"Oct 13, 2023",AS MONACO,VIRTUS SEGAFREDO BOLOGNA
2023,15,85,MCO,P005985,"JAMES, MIKE",2FGM,Two Pointer,2,25,533,G,0,0,0,7,03:36,9,14,20231013171435,15,"Oct 13, 2023",AS MONACO,VIRTUS SEGAFREDO BOLOGNA
2023,15,120,MCO,P005985,"JAMES, MIKE",3FGM,Three Pointer,3,489,552,I,0,0,0,9,01:52,15,18,20231013171925,15,"Oct 13, 2023",AS MONACO,VIRTUS SEGAFREDO BOLOGNA
2023,15,225,MCO,P005985,"JAMES, MIKE",FTM,Free Throw In,1,-1,-1, ,0,0,1,16,04:41,26,36,20231013173926,15,"Oct 13, 2023",AS MONACO,VIRTUS SEGAFREDO BOLOGNA
2023,15,277,MCO,P005985,"JAMES, MIKE",FTM,Free Throw In,1,-1,-1, ,0,0,0,18,02:29,27,45,20231013174703,15,"Oct 13, 2023",AS MONACO,VIRTUS SEGAFREDO BOLOGNA
2023,15,278,MCO,P005985,"JAMES, MIKE",FTM,Free Throw In,1,-1,-1, ,0,0,0,18,02:29,28,45,20231013174715,15,"Oct 13, 2023",AS MONACO,VIRTUS SEGAFREDO BOLOGNA
2023,15,311,MCO,P005985,"JAMES, MIKE",3FGA,Missed Three Pointer,0,0,771,H,0,0,0,20,00:28,33,45,20231013175331,15,"Oct 13, 2023",AS MONACO,VIRTUS SEGAFREDO BOLOGNA
2023,15,357,MCO,P005985,"JAMES, MIKE",FTM,Free Throw In,1,-1,-1, ,0,0,1,22,08:56,38,48,20231013181530,15,"Oct 13, 2023",AS MONACO,VIRTUS SEGAFREDO BOLOGNA
2023,15,389,MCO,P005985,"JAMES, MIKE",2FGA,Missed Two Pointer,0,-351,307,F,0,0,0,24,06:07,40,59,20231013182318,15,"Oct 13, 2023",AS MONACO,VIRTUS SEGAFREDO BOLOGNA
2023,15,418,MCO,P005985,"JAMES, MIKE",2FGA,Missed Two Pointer,0,0,100,B,0,0,0,26,04:09,40,61,20231013182642,15,"Oct 13, 2023",AS MONACO,VIRTUS SEGAFREDO BOLOGNA
2023,15,437,MCO,P005985,"JAMES, MIKE",2FGA,Missed Two Pointer,0,-12,194,B,0,0,0,28,02:33,42,64,20231013182931,15,"Oct 13, 2023",AS MONACO,VIRTUS SEGAFREDO BOLOGNA
2023,15,569,MCO,P005985,"JAMES, MIKE",3FGA,Missed Three Pointer,0,-602,426,H,0,0,0,38,02:26,55,81,20231013185234,15,"Oct 13, 2023",AS MONACO,VIRTUS SEGAFREDO BOLOGNA
2023,15,586,MCO,P005985,"JAMES, MIKE",2FGM,Two Pointer,2,-18,213,B,0,0,0,40,00:40,57,83,20231013185500,15,"Oct 13, 2023",AS MONACO,VIRTUS SEGAFREDO BOLOGNA
2023,15,591,MCO,P005985,"JAMES, MIKE",3FGA,Missed Three Pointer,0,-483,639,H,0,0,0,40,00:34,57,83,20231013185528,15,"Oct 13, 2023",AS MONACO,VIRTUS SEGAFREDO BOLOGNA
2023,25,32,MCO,P005985,"JAMES, MIKE",3FGM,Three Pointer,3,621,602,I,0,0,0,2,08:03,0,4,20231018180414,25,"Oct 18, 2023",CRVENA ZVEZDA MERIDIANBET BELGRADE,AS MONACO
2023,25,61,MCO,P005985,"JAMES, MIKE",3FGM,Three Pointer,3,545,652,I,0,0,0,5,05:23,7,9,20231018180852,25,"Oct 18, 2023",CRVENA ZVEZDA MERIDIANBET BELGRADE,AS MONACO
2023,25,67,MCO,P005985,"JAMES, MIKE",3FGA,Missed Three Pointer,0,-194,784,H,0,0,0,5,06:00,7,9,20231018180915,25,"Oct 18, 2023",CRVENA ZVEZDA MERIDIANBET BELGRADE,AS MONACO
2023,25,189,MCO,P005985,"JAMES, MIKE",3FGM,Three Pointer,3,489,740,I,0,1,0,14,06:34,25,21,20231018183121,25,"Oct 18, 2023",CRVENA ZVEZDA MERIDIANBET BELGRADE,AS MONACO
2023,25,203,MCO,P005985,"JAMES, MIKE",3FGM,Three Pointer,3,250,821,I,0,0,0,15,05:14,29,26,20231018183305,25,"Oct 18, 2023",CRVENA ZVEZDA MERIDIANBET BELGRADE,AS MONACO
2023,25,326,MCO,P005985,"JAMES, MIKE",3FGA,Missed Three Pointer,0,-677,131,H,0,0,0,23,07:04,46,45,20231018191023,25,"Oct 18, 2023",CRVENA ZVEZDA MERIDIANBET BELGRADE,AS MONACO
2023,25,377,MCO,P005985,"JAMES, MIKE",2FGM,Two Pointer,2,-307,363,F,0,0,0,27,03:29,53,58,20231018191837,25,"Oct 18, 2023",CRVENA ZVEZDA MERIDIANBET BELGRADE,AS MONACO
2023,25,386,MCO,P005985,"JAMES, MIKE",2FGM,Two Pointer,2,-326,319,F,0,0,0,28,02:48,56,60,20231018192059,25,"Oct 18, 2023",CRVENA ZVEZDA MERIDIANBET BELGRADE,AS MONACO
2023,25,390,MCO,P005985,"JAMES, MIKE",2FGA,Missed Two Pointer,0,-200,432,F,0,0,0,28,02:11,58,60,20231018192341,25,"Oct 18, 2023",CRVENA ZVEZDA MERIDIANBET BELGRADE,AS MONACO
2023,25,472,MCO,P005985,"JAMES, MIKE",3FGA,Missed Three Pointer,0,-414,834,H,0,0,0,34,06:56,67,66,20231018193849,25,"Oct 18, 2023",CRVENA ZVEZDA MERIDIANBET BELGRADE,AS MONACO
2023,25,508,MCO,P005985,"JAMES, MIKE",2FGA,Missed Two Pointer,0,-401,269,F,0,0,0,37,03:45,70,72,20231018194436,25,"Oct 18, 2023",CRVENA ZVEZDA MERIDIANBET BELGRADE,AS MONACO
2023,25,514,MCO,P005985,"JAMES, MIKE",2FGM,Two Pointer,2,-288,307,D,0,0,0,37,03:09,70,74,20231018194534,25,"Oct 18, 2023",CRVENA ZVEZDA MERIDIANBET BELGRADE,AS MONACO
2023,25,536,MCO,P005985,"JAMES, MIKE",3FGA,Missed Three Pointer,0,257,765,I,0,0,0,39,01:14,72,76,20231018194934,25,"Oct 18, 2023",CRVENA ZVEZDA MERIDIANBET BELGRADE,AS MONACO
2023,33,20,MCO,P005985,"JAMES, MIKE",3FGA,Missed Three Pointer,0,6,796,I,0,0,0,3,07:10,2,3,20231020170425,33,"Oct 20, 2023",AS MONACO,ALBA BERLIN
2023,33,78,MCO,P005985,"JAMES, MIKE",2FGM,Two Pointer,2,-388,43,D,0,0,0,8,02:30,14,8,20231020171302,33,"Oct 20, 2023",AS MONACO,ALBA BERLIN
2023,33,207,MCO,P005985,"JAMES, MIKE",3FGA,Missed Three Pointer,0,69,721,I,0,0,0,18,02:37,42,32,20231020173552,33,"Oct 20, 2023",AS MONACO,ALBA BERLIN
2023,33,252,MCO,P005985,"JAMES, MIKE",FTM,Free Throw In,1,-1,-1, ,0,0,0,20,00:04,46,40,20231020174413,33,"Oct 20, 2023",AS MONACO,ALBA BERLIN
2023,33,253,MCO,P005985,"JAMES, MIKE",FTM,Free Throw In,1,-1,-1, ,0,0,0,20,00:04,47,40,20231020174424,33,"Oct 20, 2023",AS MONACO,ALBA BERLIN
2023,33,274,MCO,P005985,"JAMES, MIKE",2FGA,Missed Two Pointer,0,-18,131,B,0,0,0,21,09:37,47,40,20231020180027,33,"Oct 20, 2023",AS MONACO,ALBA BERLIN
2023,33,310,MCO,P005985,"JAMES, MIKE",3FGM,Three Pointer,3,-62,759,H,0,0,0,25,05:53,56,43,20231020180718,33,"Oct 20, 2023",AS MONACO,ALBA BERLIN
2023,33,314,MCO,P005985,"JAMES, MIKE",3FGA,Missed Three Pointer,0,-301,752,H,0,0,0,25,05:22,56,43,20231020180749,33,"Oct 20, 2023",AS MONACO,ALBA BERLIN
2023,33,329,MCO,P005985,"JAMES, MIKE",FTM,Free Throw In,1,-1,-1, ,0,0,0,26,04:54,57,46,20231020181020,33,"Oct 20, 2023",AS MONACO,ALBA BERLIN
2023,33,330,MCO,P005985,"JAMES, MIKE",FTM,Free Throw In,1,-1,-1, ,0,0,0,26,04:54,58,46,20231020181031,33,"Oct 20, 2023",AS MONACO,ALBA BERLIN
2023,33,339,MCO,P005985,"JAMES, MIKE",2FGM,Two Pointer,2,-12,150,B,0,0,0,26,04:04,60,46,20231020181217,33,"Oct 20, 2023",AS MONACO,ALBA BERLIN
2023,33,416,MCO,P005985,"JAMES, MIKE",2FGA,Missed Two Pointer,0,-18,207,B,0,0,0,32,09:00,70,59,20231020182643,33,"Oct 20, 2023",AS MONACO,ALBA BERLIN
2023,33,457,MCO,P005985,"JAMES, MIKE",2FGM,Two Pointer,2,-106,282,D,0,0,0,35,05:27,75,64,20231020183132,33,"Oct 20, 2023",AS MONACO,ALBA BERLIN
2023,33,489,MCO,P005985,"JAMES, MIKE",2FGM,Two Pointer,2,-326,75,D,0,0,0,37,03:34,81,69,20231020183622,33,"Oct 20, 2023",AS MONACO,ALBA BERLIN
2023,33,492,MCO,P005985,"JAMES, MIKE",2FGM,Two Pointer,2,338,169,E,0,0,0,37,03:03,83,71,20231020183654,33,"Oct 20, 2023",AS MONACO,ALBA BERLIN
2023,41,13,MCO,P005985,"JAMES, MIKE",2FGA,Missed Two Pointer,0,376,144,E,0,0,0,2,08:43,0,2,20231026190212,41,"Oct 26, 2023",AS MONACO,MACCABI PLAYTIKA TEL AVIV
2023,41,40,MCO,P005985,"JAMES, MIKE",2FGM,Two Pointer,2,-326,345,F,0,0,0,4,06:30,7,2,20231026190554,41,"Oct 26, 2023",AS MONACO,MACCABI PLAYTIKA TEL AVIV
2023,41,51,MCO,P005985,"JAMES, MIKE",2FGA,Missed Two Pointer,0,-401,294,F,0,0,0,5,05:40,7,4,20231026190713,41,"Oct 26, 2023",AS MONACO,MACCABI PLAYTIKA TEL AVIV
2023,41,59,MCO,P005985,"JAMES, MIKE",2FGM,Two Pointer,2,-31,81,B,0,0,1,6,04:42,11,7,20231026190812,41,"Oct 26, 2023",AS MONACO,MACCABI PLAYTIKA TEL AVIV
2023,41,84,MCO,P005985,"JAMES, MIKE",2FGM,Two Pointer,2,0,163,B,0,0,0,7,03:34,15,11,20231026191144,41,"Oct 26, 2023",AS MONACO,MACCABI PLAYTIKA TEL AVIV
2023,41,86,MCO,P005985,"JAMES, MIKE",3FGM,Three Pointer,3,-376,614,H,0,0,0,7,03:11,18,13,20231026191208,41,"Oct 26, 2023",AS MONACO,MACCABI PLAYTIKA TEL AVIV
2023,41,134,MCO,P005985,"JAMES, MIKE",3FGA,Missed Three Pointer,0,62,734,I,0,0,0,10,01:00,27,23,20231026192248,41,"Oct 26, 2023",AS MONACO,MACCABI PLAYTIKA TEL AVIV
2023,41,185,MCO,P005985,"JAMES, MIKE",2FGM,Two Pointer,2,-12,207,B,0,1,0,13,07:19,36,25,20231026193526,41,"Oct 26, 2023",AS MONACO,MACCABI PLAYTIKA TEL AVIV
2023,41,201,MCO,P005985,"JAMES, MIKE",2FGM,Two Pointer,2,-43,508,F,0,0,0,14,06:10,40,25,20231026193757,41,"Oct 26, 2023",AS MONACO,MACCABI PLAYTIKA TEL AVIV
2023,41,242,MCO,P005985,"JAMES, MIKE",3FGA,Missed Three Pointer,0,-219,715,H,0,0,0,18,02:52,43,29,20231026194645,41,"Oct 26, 2023",AS MONACO,MACCABI PLAYTIKA TEL AVIV
2023,41,244,MCO,P005985,"JAMES, MIKE",2FGA,Missed Two Pointer,0,307,112,E,0,0,0,18,02:34,43,29,20231026194730,41,"Oct 26, 2023",AS MONACO,MACCABI PLAYTIKA TEL AVIV
2023,41,255,MCO,P005985,"JAMES, MIKE",2FGM,Two Pointer,2,-50,156,B,0,0,0,19,01:57,46,32,20231026194900,41,"Oct 26, 2023",AS MONACO,MACCABI PLAYTIKA TEL AVIV
2023,41,267,MCO,P005985,"JAMES, MIKE",3FGA,Missed Three Pointer,0,-313,715,H,0,0,0,20,00:42,48,36,20231026195144,41,"Oct 26, 2023",AS MONACO,MACCABI PLAYTIKA TEL AVIV
2023,41,308,MCO,P005985,"JAMES, MIKE",3FGM,Three Pointer,3,388,639,I,0,1,0,21,09:41,55,38,20231026201022,41,"Oct 26, 2023",AS MONACO,MACCABI PLAYTIKA TEL AVIV
2023,41,321,MCO,P005985,"JAMES, MIKE",3FGM,Three Pointer,3,-43,803,H,0,0,0,22,08:09,61,38,20231026201219,41,"Oct 26, 2023",AS MONACO,MACCABI PLAYTIKA TEL AVIV
2023,41,335,MCO,P005985,"JAMES, MIKE",3FGM,Three Pointer,3,288,721,I,0,0,0,24,06:44,65,40,20231026201503,41,"Oct 26, 2023",AS MONACO,MACCABI PLAYTIKA TEL AVIV
2023,46,88,MCO,P005985,"JAMES, MIKE",2FGA,Missed Two Pointer,0,232,539,G,0,0,0,8,02:54,13,6,20231102194521,46,"Nov 02, 2023",EA7 EMPORIO ARMANI MILAN,AS MONACO
2023,46,120,MCO,P005985,"JAMES, MIKE",2FGA,Missed Two Pointer,0,-125,94,B,0,0,0,10,00:48,18,13,20231102195004,46,"Nov 02, 2023",EA7 EMPORIO ARMANI MILAN,AS MONACO
2023,46,184,MCO,P005985,"JAMES, MIKE",2FGM,Two Pointer,2,6,106,C,0,0,0,15,05:48,24,20,20231102200058,46,"Nov 02, 2023",EA7 EMPORIO ARMANI MILAN,AS MONACO
2023,46,191,MCO,P005985,"JAMES, MIKE",FTM,Free Throw In,1,-1,-1, ,0,0,0,15,05:48,24,21,20231102200139,46,"Nov 02, 2023",EA7 EMPORIO ARMANI MILAN,AS MONACO
2023,46,210,MCO,P005985,"JAMES, MIKE",3FGA,Missed Three Pointer,0,307,671,I,0,0,0,16,04:32,25,23,20231102200558,46,"Nov 02, 2023",EA7 EMPORIO ARMANI MILAN,AS MONACO
2023,46,227,MCO,P005985,"JAMES, MIKE",3FGM,Three Pointer,3,6,708,I,0,0,0,17,03:15,28,28,20231102200739,46,"Nov 02, 2023",EA7 EMPORIO ARMANI MILAN,AS MONACO
2023,46,242,MCO,P005985,"JAMES, MIKE",3FGA,Missed Three Pointer,0,181,715,I,0,0,0,18,02:16,31,30,20231102201052,46,"Nov 02, 2023",EA7 EMPORIO ARMANI MILAN,AS MONACO
2023,46,359,MCO,P005985,"JAMES, MIKE",FTM,Free Throw In,1,-1,-1, ,0,0,0,26,04:46,41,42,20231102204942,46,"Nov 02, 2023",EA7 EMPORIO ARMANI MILAN,AS MONACO
2023,46,377,MCO,P005985,"JAMES, MIKE",2FGM,Two Pointer,2,200,539,G,0,0,0,27,03:03,41,44,20231102205311,46,"Nov 02, 2023",EA7 EMPORIO ARMANI MILAN,AS MONACO
2023,46,403,MCO,P005985,"JAMES, MIKE",2FGM,Two Pointer,2,376,420,G,0,0,0,30,00:41,48,49,20231102205644,46,"Nov 02, 2023",EA7 EMPORIO ARMANI MILAN,AS MONACO
2023,46,410,MCO,P005985,"JAMES, MIKE",3FGM,Three Pointer,3,-633,269,H,0,0,1,30,00:01,48,52,20231102205757,46,"Nov 02, 2023",EA7 EMPORIO ARMANI MILAN,AS MONACO
2023,46,443,MCO,P005985,"JAMES, MIKE",3FGA,Missed Three Pointer,0,-420,577,H,0,0,0,33,07:20,53,55,20231102210514,46,"Nov 02, 2023",EA7 EMPORIO ARMANI MILAN,AS MONACO
2023,46,460,MCO,P005985,"JAMES, MIKE",2FGA,Missed Two Pointer,0,-307,445,F,0,0,0,34,06:30,53,55,20231102210655,46,"Nov 02, 2023",EA7 EMPORIO ARMANI MILAN,AS MONACO
2023,46,482,MCO,P005985,"JAMES, MIKE",2FGM,Two Pointer,2,87,37,C,1,0,1,36,04:10,57,63,20231102211011,46,"Nov 02, 2023",EA7 EMPORIO ARMANI MILAN,AS MONACO
2023,46,500,MCO,P005985,"JAMES, MIKE",2FGM,Two Pointer,2,94,69,C,0,0,0,38,02:20,62,65,20231102211531,46,"Nov 02, 2023",EA7 EMPORIO ARMANI MILAN,AS MONACO
2023,46,527,MCO,P005985,"JAMES, MIKE",3FGM,Three Pointer,3,-31,715,H,0,0,0,40,00:14,66,70,20231102212306,46,"Nov 02, 2023",EA7 EMPORIO ARMANI MILAN,AS MONACO
2023,62,13,MCO,P005985,"JAMES, MIKE",3FGM,Three Pointer,3,-301,690,H,0,0,0,2,08:31,5,5,20231110200223,62,"Nov 10, 2023",AS MONACO,LDLC ASVEL VILLEURBANNE
2023,62,18,MCO,P005985,"JAMES, MIKE",3FGM,Three Pointer,3,-451,677,H,0,1,1,3,07:53,8,5,20231110200312,62,"Nov 10, 2023",AS MONACO,LDLC ASVEL VILLEURBANNE
2023,62,24,MCO,P005985,"JAMES, MIKE",3FGA,Missed Three Pointer,0,-25,752,H,0,0,0,3,07:23,8,8,20231110200414,62,"Nov 10, 2023",AS MONACO,LDLC ASVEL VILLEURBANNE
2023,62,80,MCO,P005985,"JAMES, MIKE",2FGA,Missed Two Pointer,0,-345,313,F,0,0,0,7,03:12,12,17,20231110201237,62,"Nov 10, 2023",AS MONACO,LDLC ASVEL VILLEURBANNE
2023,62,237,MCO,P005985,"JAMES, MIKE",2FGA,Missed Two Pointer,0,-288,483,F,0,0,0,19,01:43,36,34,20231110204135,62,"Nov 10, 2023",AS MONACO,LDLC ASVEL VILLEURBANNE
2023,62,258,MCO,P005985,"JAMES, MIKE",2FGM,Two Pointer,2,-50,552,F,0,0,0,20,00:02,41,37,20231110204347,62,"Nov 10, 2023",AS MONACO,LDLC ASVEL VILLEURBANNE
2023,62,278,MCO,P005985,"JAMES, MIKE",3FGA,Missed Three Pointer,0,-470,552,H,0,0,0,22,08:49,41,40,20231110210118,62,"Nov 10, 2023",AS MONACO,LDLC ASVEL VILLEURBANNE
2023,62,291,MCO,P005985,"JAMES, MIKE",2FGM,Two Pointer,2,0,194,B,0,0,0,22,08:02,43,42,20231110210216,62,"Nov 10, 2023",AS MONACO,LDLC ASVEL VILLEURBANNE
2023,62,330,MCO,P005985,"JAMES, MIKE",2FGM,Two Pointer,2,-12,533,F,0,0,0,26,04:37,55,49,20231110210856,62,"Nov 10, 2023",AS MONACO,LDLC ASVEL VILLEURBANNE
2023,62,333,MCO,P005985,"JAMES, MIKE",2FGA,Missed Two Pointer,0,-12,269,D,0,0,0,27,03:43,55,51,20231110210950,62,"Nov 10, 2023",AS MONACO,LDLC ASVEL VILLEURBANNE
2023,62,352,MCO,P005985,"JAMES, MIKE",2FGA,Missed Two Pointer,0,0,119,B,0,0,0,27,03:02,55,53,20231110211301,62,"Nov 10, 2023",AS MONACO,LDLC ASVEL VILLEURBANNE
2023,62,405,MCO,P005985,"JAMES, MIKE",2FGA,Missed Two Pointer,0,-31,238,D,0,0,0,32,08:26,57,63,20231110212329,62,"Nov 10, 2023",AS MONACO,LDLC ASVEL VILLEURBANNE
2023,62,484,MCO,P005985,"JAMES, MIKE",3FGM,Three Pointer,3,-395,677,H,0,0,0,38,02:58,71,68,20231110213654,62,"Nov 10, 2023",AS MONACO,LDLC ASVEL VILLEURBANNE
2023,62,488,MCO,P005985,"JAMES, MIKE",2FGA,Missed Two Pointer,0,-319,276,D,0,0,0,38,02:16,71,68,20231110213737,62,"Nov 10, 2023",AS MONACO,LDLC ASVEL VILLEURBANNE
2023,62,510,MCO,P005985,"JAMES, MIKE",3FGA,Missed Three Pointer,0,-106,715,H,0,0,0,40,00:21,77,68,20231110214342,62,"Nov 10, 2023",AS MONACO,LDLC ASVEL VILLEURBANNE
2023,64,28,MCO,P005985,"JAMES, MIKE",2FGA,Missed Two Pointer,0,0,388,D,0,0,0,3,07:16,2,6,20231114180443,64,"Nov 14, 2023",AS MONACO,ANADOLU EFES ISTANBUL
2023,64,60,MCO,P005985,"JAMES, MIKE",2FGA,Missed Two Pointer,0,-81,156,B,0,0,0,7,03:49,15,17,20231114180832,64,"Nov 14, 2023",AS MONACO,ANADOLU EFES ISTANBUL
2023,64,270,MCO,P005985,"JAMES, MIKE",2FGA,Missed Two Pointer,0,-50,138,B,0,0,0,20,00:36,42,48,20231114184701,64,"Nov 14, 2023",AS MONACO,ANADOLU EFES ISTANBUL
2023,64,301,MCO,P005985,"JAMES, MIKE",2FGA,Missed Two Pointer,0,-62,219,B,0,0,0,21,09:13,46,51,20231114190817,64,"Nov 14, 2023",AS MONACO,ANADOLU EFES ISTANBUL
2023,64,315,MCO,P005985,"JAMES, MIKE",2FGM,Two Pointer,2,-43,282,D,0,0,0,23,07:34,50,53,20231114191025,64,"Nov 14, 2023",AS MONACO,ANADOLU EFES ISTANBUL
2023,64,321,MCO,P005985,"JAMES, MIKE",3FGA,Missed Three Pointer,0,-50,803,H,0,0,0,24,06:54,50,55,20231114191126,64,"Nov 14, 2023",AS MONACO,ANADOLU EFES ISTANBUL
2023,64,336,MCO,P005985,"JAMES, MIKE",2FGM,Two Pointer,2,-62,119,B,0,0,0,25,05:40,54,61,20231114191551,64,"Nov 14, 2023",AS MONACO,ANADOLU EFES ISTANBUL
2023,64,402,MCO,P005985,"JAMES, MIKE",2FGM,Two Pointer,2,-87,476,F,0,0,0,29,01:21,63,67,20231114192709,64,"Nov 14, 2023",AS MONACO,ANADOLU EFES ISTANBUL
2023,64,410,MCO,P005985,"JAMES, MIKE",2FGM,Two Pointer,2,0,163,B,0,0,0,30,00:30,65,69,20231114192801,64,"Nov 14, 2023",AS MONACO,ANADOLU EFES ISTANBUL
2023,64,442,MCO,P005985,"JAMES, MIKE",3FGA,Missed Three Pointer,0,-106,765,H,0,0,0,32,08:55,67,72,20231114193412,64,"Nov 14, 2023",AS MONACO,ANADOLU EFES ISTANBUL
2023,64,502,MCO,P005985,"JAMES, MIKE",2FGM,Two Pointer,2,-25,432,F,0,0,0,37,03:40,74,78,20231114194401,64,"Nov 14, 2023",AS MONACO,ANADOLU EFES ISTANBUL
2023,64,524,MCO,P005985,"JAMES, MIKE",2FGM,Two Pointer,2,-31,144,B,0,0,0,39,01:45,80,83,20231114194935,64,"Nov 14, 2023",AS MONACO,ANADOLU EFES ISTANBUL
2023,64,538,MCO,P005985,"JAMES, MIKE",3FGA,Missed Three Pointer,0,-194,715,H,0,0,0,40,00:24,82,87,20231114195327,64,"Nov 14, 2023",AS MONACO,ANADOLU EFES ISTANBUL
2023,76,51,MCO,P005985,"JAMES, MIKE",3FGM,Three Pointer,3,144,690,I,0,0,0,4,06:57,6,8,20231116195129,76,"Nov 16, 2023",REAL MADRID,AS MONACO
2023,76,58,MCO,P005985,"JAMES, MIKE",2FGA,Missed Two Pointer,0,-181,307,D,0,0,0,4,06:27,8,8,20231116195241,76,"Nov 16, 2023",REAL MADRID,AS MONACO
2023,76,67,MCO,P005985,"JAMES, MIKE",3FGA,Missed Three Pointer,0,56,683,I,0,0,0,5,05:21,11,8,20231116195327,76,"Nov 16, 2023",REAL MADRID,AS MONACO
2023,76,77,MCO,P005985,"JAMES, MIKE",FTM,Free Throw In,1,-1,-1, ,0,0,0,5,05:02,13,9,20231116195424,76,"Nov 16, 2023",REAL MADRID,AS MONACO
2023,76,78,MCO,P005985,"JAMES, MIKE",FTM,Free Throw In,1,-1,-1, ,0,0,0,5,05:02,13,10,20231116195435,76,"Nov 16, 2023",REAL MADRID,AS MONACO
2023,76,93,MCO,P005985,"JAMES, MIKE",2FGA,Missed Two Pointer,0,0,144,B,0,0,0,7,03:41,19,10,20231116195816,76,"Nov 16, 2023",REAL MADRID,AS MONACO
2023,76,276,MCO,P005985,"JAMES, MIKE",2FGA,Missed Two Pointer,0,6,570,G,0,0,0,20,00:48,51,35,20231116202843,76,"Nov 16, 2023",REAL MADRID,AS MONACO
2023,76,312,MCO,P005985,"JAMES, MIKE",3FGM,Three Pointer,3,639,163,G,0,0,0,21,09:21,55,42,20231116204811,76,"Nov 16, 2023",REAL MADRID,AS MONACO
2023,76,343,MCO,P005985,"JAMES, MIKE",2FGA,Missed Two Pointer,0,150,37,C,0,0,0,24,06:37,63,45,20231116205406,76,"Nov 16, 2023",REAL MADRID,AS MONACO
2023,76,358,MCO,P005985,"JAMES, MIKE",2FGA,Missed Two Pointer,0,12,175,C,0,0,0,25,05:04,67,47,20231116205705,76,"Nov 16, 2023",REAL MADRID,AS MONACO
2023,76,464,MCO,P005985,"JAMES, MIKE",3FGA,Missed Three Pointer,0,-533,533,H,0,0,0,33,07:31,80,54,20231116211456,76,"Nov 16, 2023",REAL MADRID,AS MONACO
2023,76,486,MCO,P005985,"JAMES, MIKE",3FGM,Three Pointer,3,570,407,I,1,0,1,35,05:59,80,59,20231116211734,76,"Nov 16, 2023",REAL MADRID,AS MONACO
2023,76,490,MCO,P005985,"JAMES, MIKE",3FGA,Missed Three Pointer,0,-727,-37,H,0,0,0,35,05:23,80,59,20231116211811,76,"Nov 16, 2023",REAL MADRID,AS MONACO
2023,76,545,MCO,P005985,"JAMES, MIKE",2FGA,Missed Two Pointer,0,25,131,C,0,0,0,39,01:30,86,69,20231116212543,76,"Nov 16, 2023",REAL MADRID,AS MONACO
2023,76,557,MCO,P005985,"JAMES, MIKE",2FGM,Two Pointer,2,0,125,B,0,0,0,40,00:44,88,73,20231116212706,76,"Nov 16, 2023",REAL MADRID,AS MONACO
2023,90,29,MCO,P005985,"JAMES, MIKE",2FGA,Missed Two Pointer,0,-18,169,B,0,0,0,2,08:08,1,0,20231124193354,90,"Nov 24, 2023",BASKONIA VITORIA-GASTEIZ,AS MONACO
2023,90,49,MCO,P005985,"JAMES, MIKE",3FGM,Three Pointer,3,319,734,I,0,0,0,4,06:09,3,7,20231124193641,90,"Nov 24, 2023",BASKONIA VITORIA-GASTEIZ,AS MONACO
2023,90,54,MCO,P005985,"JAMES, MIKE",2FGA,Missed Two Pointer,0,144,294,E,0,0,0,5,05:33,6,7,20231124193737,90,"Nov 24, 2023",BASKONIA VITORIA-GASTEIZ,AS MONACO
2023,90,80,MCO,P005985,"JAMES, MIKE",2FGM,Two Pointer,2,338,-31,E,0,0,1,7,03:33,11,12,20231124194143,90,"Nov 24, 2023",BASKONIA VITORIA-GASTEIZ,AS MONACO
2023,90,83,MCO,P005985,"JAMES, MIKE",3FGA,Missed Three Pointer,0,18,796,I,0,0,0,7,04:00,11,12,20231124194215,90,"Nov 24, 2023",BASKONIA VITORIA-GASTEIZ,AS MONACO
2023,90,202,MCO,P005985,"JAMES, MIKE",2FGA,Missed Two Pointer,0,169,6,C,0,0,0,15,05:47,24,25,20231124200037,90,"Nov 24, 2023",BASKONIA VITORIA-GASTEIZ,AS MONACO
2023,90,221,MCO,P005985,"JAMES, MIKE",2FGM,Two Pointer,2,370,439,G,0,0,0,16,04:08,28,31,20231124200440,90,"Nov 24, 2023",BASKONIA VITORIA-GASTEIZ,AS MONACO
2023,90,231,MCO,P005985,"JAMES, MIKE",2FGA,Missed Two Pointer,0,225,514,G,0,0,0,18,02:58,28,31,20231124200604,90,"Nov 24, 2023",BASKONIA VITORIA-GASTEIZ,AS MONACO
2023,90,242,MCO,P005985,"JAMES, MIKE",2FGM,Two Pointer,2,119,112,C,0,0,0,18,02:13,30,33,20231124200725,90,"Nov 24, 2023",BASKONIA VITORIA-GASTEIZ,AS MONACO
2023,90,295,MCO,P005985,"JAMES, MIKE",3FGM,Three Pointer,3,-420,639,H,0,0,1,21,09:36,36,38,20231124203257,90,"Nov 24, 2023",BASKONIA VITORIA-GASTEIZ,AS MONACO
2023,90,308,MCO,P005985,"JAMES, MIKE",FTM,Free Throw In,1,-1,-1, ,0,0,0,22,08:27,39,42,20231124203440,90,"Nov 24, 2023",BASKONIA VITORIA-GASTEIZ,AS MONACO
2023,90,309,MCO,P005985,"JAMES, MIKE",FTM,Free Throw In,1,-1,-1, ,0,0,0,22,08:27,39,43,20231124203452,90,"Nov 24, 2023",BASKONIA VITORIA-GASTEIZ,AS MONACO
2023,90,310,MCO,P005985,"JAMES, MIKE",FTM,Free Throw In,1,-1,-1, ,0,0,0,22,08:27,39,44,20231124203505,90,"Nov 24, 2023",BASKONIA VITORIA-GASTEIZ,AS MONACO
2023,90,321,MCO,P005985,"JAMES, MIKE",3FGA,Missed Three Pointer,0,-75,740,H,0,0,0,23,07:28,39,46,20231124203606,90,"Nov 24, 2023",BASKONIA VITORIA-GASTEIZ,AS MONACO
2023,90,331,MCO,P005985,"JAMES, MIKE",2FGM,Two Pointer,2,69,112,C,0,0,0,24,06:17,44,48,20231124203804,90,"Nov 24, 2023",BASKONIA VITORIA-GASTEIZ,AS MONACO
2023,90,341,MCO,P005985,"JAMES, MIKE",3FGM,Three Pointer,3,-602,583,H,0,1,0,25,05:16,46,51,20231124203906,90,"Nov 24, 2023",BASKONIA VITORIA-GASTEIZ,AS MONACO
2023,90,345,MCO,P005985,"JAMES, MIKE",3FGM,Three Pointer,3,-69,840,H,0,0,1,26,04:49,46,54,20231124203932,90,"Nov 24, 2023",BASKONIA VITORIA-GASTEIZ,AS MONACO
2023,90,360,MCO,P005985,"JAMES, MIKE",3FGA,Missed Three Pointer,0,483,639,I,0,0,0,26,05:00,49,54,20231124204239,90,"Nov 24, 2023",BASKONIA VITORIA-GASTEIZ,AS MONACO
2023,90,363,MCO,P005985,"JAMES, MIKE",3FGA,Missed Three Pointer,0,526,539,I,0,0,0,27,03:55,49,54,20231124204244,90,"Nov 24, 2023",BASKONIA VITORIA-GASTEIZ,AS MONACO
2023,90,423,MCO,P005985,"JAMES, MIKE",2FGM,Two Pointer,2,100,50,C,0,0,0,31,09:46,59,64,20231124205405,90,"Nov 24, 2023",BASKONIA VITORIA-GASTEIZ,AS MONACO
2023,90,462,MCO,P005985,"JAMES, MIKE",3FGM,Three Pointer,3,-12,872,H,0,0,1,33,08:00,62,73,20231124205856,90,"Nov 24, 2023",BASKONIA VITORIA-GASTEIZ,AS MONACO
2023,90,490,MCO,P005985,"JAMES, MIKE",3FGA,Missed Three Pointer,0,-652,464,H,0,0,0,36,04:33,67,73,20231124210617,90,"Nov 24, 2023",BASKONIA VITORIA-GASTEIZ,AS MONACO
2023,90,547,MCO,P005985,"JAMES, MIKE",3FGA,Missed Three Pointer,0,200,777,I,0,0,0,40,00:02,75,75,20231124212447,90,"Nov 24, 2023",BASKONIA VITORIA-GASTEIZ,AS MONACO
2023,91,35,MCO,P005985,"JAMES, MIKE",2FGM,Two Pointer,2,276,269,E,0,0,0,4,06:23,7,8,20231130180829,91,"Nov 30, 2023",AS MONACO,OLYMPIACOS PIRAEUS
2023,91,53,MCO,P005985,"JAMES, MIKE",3FGM,Three Pointer,3,-357,696,H,0,0,1,5,05:11,13,10,20231130181119,91,"Nov 30, 2023",AS MONACO,OLYMPIACOS PIRAEUS
2023,91,81,MCO,P005985,"JAMES, MIKE",2FGA,Missed Two Pointer,0,326,75,E,0,0,0,7,03:16,15,15,20231130181641,91,"Nov 30, 2023",AS MONACO,OLYMPIACOS PIRAEUS
2023,91,96,MCO,P005985,"JAMES, MIKE",2FGM,Two Pointer,2,-50,100,B,0,0,0,10,00:56,22,17,20231130181858,91,"Nov 30, 2023",AS MONACO,OLYMPIACOS PIRAEUS
2023,91,99,MCO,P005985,"JAMES, MIKE",3FGA,Missed Three Pointer,0,-100,777,H,0,0,0,10,00:24,22,17,20231130181930,91,"Nov 30, 2023",AS MONACO,OLYMPIACOS PIRAEUS
2023,91,219,MCO,P005985,"JAMES, MIKE",FTM,Free Throw In,1,-1,-1, ,0,0,0,18,02:16,35,32,20231130184223,91,"Nov 30, 2023",AS MONACO,OLYMPIACOS PIRAEUS
2023,91,220,MCO,P005985,"JAMES, MIKE",FTM,Free Throw In,1,-1,-1, ,0,0,0,18,02:16,36,32,20231130184236,91,"Nov 30, 2023",AS MONACO,OLYMPIACOS PIRAEUS
2023,91,223,MCO,P005985,"JAMES, MIKE",2FGA,Missed Two Pointer,0,-6,194,B,0,0,0,18,02:04,36,32,20231130184249,91,"Nov 30, 2023",AS MONACO,OLYMPIACOS PIRAEUS
2023,91,227,MCO,P005985,"JAMES, MIKE",3FGA,Missed Three Pointer,0,-414,633,H,0,0,0,19,01:50,36,32,20231130184526,91,"Nov 30, 2023",AS MONACO,OLYMPIACOS PIRAEUS
2023,91,233,MCO,P005985,"JAMES, MIKE",2FGM,Two Pointer,2,-31,225,B,0,0,0,19,01:16,38,32,20231130184600,91,"Nov 30, 2023",AS MONACO,OLYMPIACOS PIRAEUS
2023,91,298,MCO,P005985,"JAMES, MIKE",3FGA,Missed Three Pointer,0,-457,583,H,0,0,0,22,08:19,41,42,20231130191641,91,"Nov 30, 2023",AS MONACO,OLYMPIACOS PIRAEUS
2023,91,320,MCO,P005985,"JAMES, MIKE",2FGM,Two Pointer,2,-18,150,B,0,0,0,25,05:50,47,47,20231130192135,91,"Nov 30, 2023",AS MONACO,OLYMPIACOS PIRAEUS
2023,91,323,MCO,P005985,"JAMES, MIKE",FTM,Free Throw In,1,-1,-1, ,0,0,0,25,05:50,48,47,20231130192219,91,"Nov 30, 2023",AS MONACO,OLYMPIACOS PIRAEUS
2023,91,342,MCO,P005985,"JAMES, MIKE",2FGA,Missed Two Pointer,0,-12,526,F,0,0,0,26,04:24,49,49,20231130192522,91,"Nov 30, 2023",AS MONACO,OLYMPIACOS PIRAEUS
2023,91,358,MCO,P005985,"JAMES, MIKE",3FGA,Missed Three Pointer,0,-420,621,H,0,0,0,28,02:44,55,52,20231130192859,91,"Nov 30, 2023",AS MONACO,OLYMPIACOS PIRAEUS
2023,91,483,MCO,P005985,"JAMES, MIKE",2FGM,Two Pointer,2,-332,363,F,0,0,0,38,02:28,73,71,20231130195625,91,"Nov 30, 2023",AS MONACO,OLYMPIACOS PIRAEUS
2023,91,487,MCO,P005985,"JAMES, MIKE",3FGM,Three Pointer,3,319,746,I,0,0,0,39,01:40,76,73,20231130195715,91,"Nov 30, 2023",AS MONACO,OLYMPIACOS PIRAEUS
2023,91,499,MCO,P005985,"JAMES, MIKE",FTM,Free Throw In,1,-1,-1, ,0,0,0,39,01:15,77,73,20231130200002,91,"Nov 30, 2023",AS MONACO,OLYMPIACOS PIRAEUS
2023,91,519,MCO,P005985,"JAMES, MIKE",FTM,Free Throw In,1,-1,-1, ,0,0,0,40,00:25,80,75,20231130200521,91,"Nov 30, 2023",AS MONACO,OLYMPIACOS PIRAEUS
2023,91,520,MCO,P005985,"JAMES, MIKE",FTM,Free Throw In,1,-1,-1, ,0,0,0,40,00:25,81,75,20231130200534,91,"Nov 30, 2023",AS MONACO,OLYMPIACOS PIRAEUS
2023,91,545,MCO,P005985,"JAMES, MIKE",FTM,Free Throw In,1,-1,-1, ,0,0,0,40,00:13,84,77,20231130201023,91,"Nov 30, 2023",AS MONACO,OLYMPIACOS PIRAEUS
2023,91,546,MCO,P005985,"JAMES, MIKE",FTM,Free Throw In,1,-1,-1, ,0,0,0,40,00:13,85,77,20231130201031,91,"Nov 30, 2023",AS MONACO,OLYMPIACOS PIRAEUS
2023,104,28,MCO,P005985,"JAMES, MIKE",FTM,Free Throw In,1,-1,-1, ,0,1,0,2,08:03,2,1,20231205193602,104,"Dec 05, 2023",PARTIZAN MOZZART BET BELGRADE,AS MONACO
2023,104,30,MCO,P005985,"JAMES, MIKE",FTM,Free Throw In,1,-1,-1, ,0,1,0,2,08:03,2,2,20231205193617,104,"Dec 05, 2023",PARTIZAN MOZZART BET BELGRADE,AS MONACO
2023,104,61,MCO,P005985,"JAMES, MIKE",2FGA,Missed Two Pointer,0,62,200,C,0,0,0,6,04:49,11,2,20231205194200,104,"Dec 05, 2023",PARTIZAN MOZZART BET BELGRADE,AS MONACO
2023,104,71,MCO,P005985,"JAMES, MIKE",2FGA,Missed Two Pointer,0,163,194,E,0,0,0,6,04:11,11,4,20231205194330,104,"Dec 05, 2023",PARTIZAN MOZZART BET BELGRADE,AS MONACO
2023,104,221,MCO,P005985,"JAMES, MIKE",3FGA,Missed Three Pointer,0,-677,106,H,0,0,0,17,03:01,25,29,20231205200649,104,"Dec 05, 2023",PARTIZAN MOZZART BET BELGRADE,AS MONACO
2023,104,228,MCO,P005985,"JAMES, MIKE",3FGA,Missed Three Pointer,0,-395,658,H,0,0,0,18,02:20,27,31,20231205200918,104,"Dec 05, 2023",PARTIZAN MOZZART BET BELGRADE,AS MONACO
2023,104,256,MCO,P005985,"JAMES, MIKE",3FGA,Missed Three Pointer,0,395,589,I,0,0,0,20,00:02,32,35,20231205201314,104,"Dec 05, 2023",PARTIZAN MOZZART BET BELGRADE,AS MONACO
2023,104,269,MCO,P005985,"JAMES, MIKE",2FGM,Two Pointer,2,18,501,G,0,0,0,22,08:56,34,38,20231205203057,104,"Dec 05, 2023",PARTIZAN MOZZART BET BELGRADE,AS MONACO
2023,104,292,MCO,P005985,"JAMES, MIKE",3FGA,Missed Three Pointer,0,-194,664,H,0,0,0,24,06:28,39,41,20231205203517,104,"Dec 05, 2023",PARTIZAN MOZZART BET BELGRADE,AS MONACO
2023,104,365,MCO,P005985,"JAMES, MIKE",3FGA,Missed Three Pointer,0,-401,583,H,0,0,0,30,00:02,51,51,20231205204945,104,"Dec 05, 2023",PARTIZAN MOZZART BET BELGRADE,AS MONACO
2023,104,376,MCO,P005985,"JAMES, MIKE",FTM,Free Throw In,1,-1,-1, ,0,0,0,31,09:13,53,52,20231205205528,104,"Dec 05, 2023",PARTIZAN MOZZART BET BELGRADE,AS MONACO
2023,104,377,MCO,P005985,"JAMES, MIKE",FTM,Free Throw In,1,-1,-1, ,0,0,0,31,09:13,53,53,20231205205543,104,"Dec 05, 2023",PARTIZAN MOZZART BET BELGRADE,AS MONACO
2023,104,380,MCO,P005985,"JAMES, MIKE",2FGA,Missed Two Pointer,0,232,451,G,0,0,0,32,08:36,55,53,20231205205623,104,"Dec 05, 2023",PARTIZAN MOZZART BET BELGRADE,AS MONACO
2023,104,409,MCO,P005985,"JAMES, MIKE",2FGA,Missed Two Pointer,0,-131,62,B,0,0,0,34,06:01,61,53,20231205210258,104,"Dec 05, 2023",PARTIZAN MOZZART BET BELGRADE,AS MONACO
2023,104,446,MCO,P005985,"JAMES, MIKE",2FGA,Missed Two Pointer,0,-25,476,F,0,0,0,37,03:39,65,59,20231205211039,104,"Dec 05, 2023",PARTIZAN MOZZART BET BELGRADE,AS MONACO
2023,104,454,MCO,P005985,"JAMES, MIKE",3FGM,Three Pointer,3,357,589,I,0,0,0,37,03:17,65,64,20231205211157,104,"Dec 05, 2023",PARTIZAN MOZZART BET BELGRADE,AS MONACO
2023,104,499,MCO,P005985,"JAMES, MIKE",3FGM,Three Pointer,3,-87,702,H,0,0,0,40,00:14,70,69,20231205212524,104,"Dec 05, 2023",PARTIZAN MOZZART BET BELGRADE,AS MONACO
2023,104,506,MCO,P005985,"JAMES, MIKE",3FGM,Three Pointer,3,-489,514,H,0,0,0,40,00:02,72,72,20231205212828,104,"Dec 05, 2023",PARTIZAN MOZZART BET BELGRADE,AS MONACO
2023,104,527,MCO,P005985,"JAMES, MIKE",3FGA,Missed Three Pointer,0,420,677,I,0,0,0,42,03:44,75,74,20231205213513,104,"Dec 05, 2023",PARTIZAN MOZZART BET BELGRADE,AS MONACO
2023,104,552,MCO,P005985,"JAMES, MIKE",FTM,Free Throw In,1,-1,-1, ,0,0,0,43,02:10,82,79,20231205213956,104,"Dec 05, 2023",PARTIZAN MOZZART BET BELGRADE,AS MONACO
2023,117,26,MCO,P005985,"JAMES, MIKE",2FGM,Two Pointer,2,388,244,G,0,0,0,3,07:36,4,5,20231208180521,117,"Dec 08, 2023",ZALGIRIS KAUNAS,AS MONACO
2023,117,70,MCO,P005985,"JAMES, MIKE",3FGM,Three Pointer,3,370,602,I,0,0,0,6,04:06,8,16,20231208181150,117,"Dec 08, 2023",ZALGIRIS KAUNAS,AS MONACO
2023,117,82,MCO,P005985,"JAMES, MIKE",2FGA,Missed Two Pointer,0,445,169,G,0,0,0,7,03:02,11,16,20231208181328,117,"Dec 08, 2023",ZALGIRIS KAUNAS,AS MONACO
2023,117,207,MCO,P005985,"JAMES, MIKE",2FGM,Two Pointer,2,-119,288,D,0,0,0,16,04:31,29,37,20231208183336,117,"Dec 08, 2023",ZALGIRIS KAUNAS,AS MONACO
2023,117,227,MCO,P005985,"JAMES, MIKE",3FGA,Missed Three Pointer,0,-395,595,H,0,0,0,18,02:50,32,39,20231208183610,117,"Dec 08, 2023",ZALGIRIS KAUNAS,AS MONACO
2023,117,253,MCO,P005985,"JAMES, MIKE",2FGM,Two Pointer,2,-87,56,B,1,0,1,19,01:20,32,42,20231208183916,117,"Dec 08, 2023",ZALGIRIS KAUNAS,AS MONACO
2023,117,264,MCO,P005985,"JAMES, MIKE",2FGA,Missed Two Pointer,0,-150,56,B,0,0,0,20,00:34,35,42,20231208184329,117,"Dec 08, 2023",ZALGIRIS KAUNAS,AS MONACO
2023,117,273,MCO,P005985,"JAMES, MIKE",2FGM,Two Pointer,2,207,426,G,0,0,0,20,00:02,37,46,20231208184542,117,"Dec 08, 2023",ZALGIRIS KAUNAS,AS MONACO
2023,117,311,MCO,P005985,"JAMES, MIKE",2FGM,Two Pointer,2,-69,50,B,0,0,0,23,07:21,41,48,20231208190446,117,"Dec 08, 2023",ZALGIRIS KAUNAS,AS MONACO
2023,117,320,MCO,P005985,"JAMES, MIKE",2FGA,Missed Two Pointer,0,188,100,C,0,0,0,24,06:53,41,48,20231208190540,117,"Dec 08, 2023",ZALGIRIS KAUNAS,AS MONACO
2023,117,339,MCO,P005985,"JAMES, MIKE",FTM,Free Throw In,1,-1,-1, ,0,1,0,25,05:28,43,49,20231208190859,117,"Dec 08, 2023",ZALGIRIS KAUNAS,AS MONACO
2023,117,378,MCO,P005985,"JAMES, MIKE",3FGA,Missed Three Pointer,0,-62,721,H,0,0,0,28,02:45,51,51,20231208191539,117,"Dec 08, 2023",ZALGIRIS KAUNAS,AS MONACO
2023,117,411,MCO,P005985,"JAMES, MIKE",FTM,Free Throw In,1,-1,-1, ,0,0,0,30,00:57,57,54,20231208192129,117,"Dec 08, 2023",ZALGIRIS KAUNAS,AS MONACO
2023,117,415,MCO,P005985,"JAMES, MIKE",3FGM,Three Pointer,3,119,708,I,0,0,0,30,00:28,59,57,20231208192212,117,"Dec 08, 2023",ZALGIRIS KAUNAS,AS MONACO
2023,117,440,MCO,P005985,"JAMES, MIKE",2FGA,Missed Two Pointer,0,144,489,G,0,0,0,31,09:40,59,57,20231208192829,117,"Dec 08, 2023",ZALGIRIS KAUNAS,AS MONACO
2023,117,507,MCO,P005985,"JAMES, MIKE",3FGA,Missed Three Pointer,0,313,646,I,0,0,0,36,04:52,63,63,20231208193714,117,"Dec 08, 2023",ZALGIRIS KAUNAS,AS MONACO
2023,117,522,MCO,P005985,"JAMES, MIKE",3FGM,Three Pointer,3,370,614,I,0,0,0,36,04:01,65,69,20231208194057,117,"Dec 08, 2023",ZALGIRIS KAUNAS,AS MONACO
2023,117,547,MCO,P005985,"JAMES, MIKE",2FGA,Missed Two Pointer,0,-12,250,D,0,0,0,38,02:09,68,71,20231208194427,117,"Dec 08, 2023",ZALGIRIS KAUNAS,AS MONACO
2023,117,559,MCO,P005985,"JAMES, MIKE",2FGM,Two Pointer,2,-112,319,D,0,0,0,39,01:15,68,76,20231208194659,117,"Dec 08, 2023",ZALGIRIS KAUNAS,AS MONACO
2023,117,587,MCO,P005985,"JAMES, MIKE",FTM,Free Throw In,1,-1,-1, ,0,0,0,40,00:20,75,79,20231208195610,117,"Dec 08, 2023",ZALGIRIS KAUNAS,AS MONACO
2023,117,588,MCO,P005985,"JAMES, MIKE",FTM,Free Throw In,1,-1,-1, ,0,0,0,40,00:20,75,80,20231208195625,117,"Dec 08, 2023",ZALGIRIS KAUNAS,AS MONACO
2023,123,42,MCO,P005985,"JAMES, MIKE",2FGM,Two Pointer,2,-81,43,B,0,0,0,4,06:11,10,10,20231215175145,123,"Dec 15, 2023",FENERBAHCE BEKO ISTANBUL,AS MONACO
2023,123,71,MCO,P005985,"JAMES, MIKE",2FGA,Missed Two Pointer,0,363,131,E,0,0,0,6,04:04,17,12,20231215175808,123,"Dec 15, 2023",FENERBAHCE BEKO ISTANBUL,AS MONACO
2023,123,177,MCO,P005985,"JAMES, MIKE",2FGA,Missed Two Pointer,0,-294,345,F,0,0,0,14,06:10,33,28,20231215181720,123,"Dec 15, 2023",FENERBAHCE BEKO ISTANBUL,AS MONACO
2023,123,232,MCO,P005985,"JAMES, MIKE",2FGA,Missed Two Pointer,0,131,69,C,0,0,0,18,02:57,40,30,20231215182755,123,"Dec 15, 2023",FENERBAHCE BEKO ISTANBUL,AS MONACO
2023,123,242,MCO,P005985,"JAMES, MIKE",FTM,Free Throw In,1,-1,-1, ,0,0,0,18,02:35,42,31,20231215182957,123,"Dec 15, 2023",FENERBAHCE BEKO ISTANBUL,AS MONACO
2023,123,243,MCO,P005985,"JAMES, MIKE",FTM,Free Throw In,1,-1,-1, ,0,0,0,18,02:35,42,32,20231215183009,123,"Dec 15, 2023",FENERBAHCE BEKO ISTANBUL,AS MONACO
2023,123,247,MCO,P005985,"JAMES, MIKE",3FGM,Three Pointer,3,69,690,I,0,0,1,18,02:07,42,35,20231215183102,123,"Dec 15, 2023",FENERBAHCE BEKO ISTANBUL,AS MONACO
2023,123,256,MCO,P005985,"JAMES, MIKE",2FGM,Two Pointer,2,200,37,C,0,0,0,19,01:37,43,37,20231215183408,123,"Dec 15, 2023",FENERBAHCE BEKO ISTANBUL,AS MONACO
2023,123,259,MCO,P005985,"JAMES, MIKE",FTM,Free Throw In,1,-1,-1, ,0,0,0,19,01:37,43,38,20231215183435,123,"Dec 15, 2023",FENERBAHCE BEKO ISTANBUL,AS MONACO
2023,123,285,MCO,P005985,"JAMES, MIKE",3FGM,Three Pointer,3,501,526,I,0,0,0,20,00:02,46,45,20231215183921,123,"Dec 15, 2023",FENERBAHCE BEKO ISTANBUL,AS MONACO
2023,123,314,MCO,P005985,"JAMES, MIKE",3FGA,Missed Three Pointer,0,-376,652,H,0,0,0,22,09:00,49,45,20231215185753,123,"Dec 15, 2023",FENERBAHCE BEKO ISTANBUL,AS MONACO
2023,123,345,MCO,P005985,"JAMES, MIKE",2FGA,Missed Two Pointer,0,332,307,G,0,0,0,25,05:36,54,49,20231215190202,123,"Dec 15, 2023",FENERBAHCE BEKO ISTANBUL,AS MONACO
2023,123,365,MCO,P005985,"JAMES, MIKE",3FGM,Three Pointer,3,-690,43,H,0,0,1,26,04:27,54,52,20231215190504,123,"Dec 15, 2023",FENERBAHCE BEKO ISTANBUL,AS MONACO
2023,123,389,MCO,P005985,"JAMES, MIKE",3FGA,Missed Three Pointer,0,94,771,I,0,0,0,28,02:20,61,54,20231215190853,123,"Dec 15, 2023",FENERBAHCE BEKO ISTANBUL,AS MONACO
2023,123,407,MCO,P005985,"JAMES, MIKE",2FGM,Two Pointer,2,257,106,E,0,0,0,29,01:02,63,57,20231215191251,123,"Dec 15, 2023",FENERBAHCE BEKO ISTANBUL,AS MONACO
2023,123,420,MCO,P005985,"JAMES, MIKE",2FGA,Missed Two Pointer,0,-94,426,F,0,0,0,31,09:41,68,57,20231215191701,123,"Dec 15, 2023",FENERBAHCE BEKO ISTANBUL,AS MONACO
2023,123,453,MCO,P005985,"JAMES, MIKE",3FGA,Missed Three Pointer,0,-589,476,H,0,0,0,34,06:52,71,61,20231215192544,123,"Dec 15, 2023",FENERBAHCE BEKO ISTANBUL,AS MONACO
2023,123,511,MCO,P005985,"JAMES, MIKE",FTM,Free Throw In,1,-1,-1, ,0,1,0,38,02:50,77,69,20231215193458,123,"Dec 15, 2023",FENERBAHCE BEKO ISTANBUL,AS MONACO
2023,123,512,MCO,P005985,"JAMES, MIKE",FTM,Free Throw In,1,-1,-1, ,0,1,0,38,02:50,77,70,20231215193512,123,"Dec 15, 2023",FENERBAHCE BEKO ISTANBUL,AS MONACO
2023,123,525,MCO,P005985,"JAMES, MIKE",3FGM,Three Pointer,3,100,690,I,0,0,0,39,01:29,82,73,20231215193833,123,"Dec 15, 2023",FENERBAHCE BEKO ISTANBUL,AS MONACO
2023,123,543,MCO,P005985,"JAMES, MIKE",FTM,Free Throw In,1,-1,-1, ,0,0,0,40,00:27,86,74,20231215194047,123,"Dec 15, 2023",FENERBAHCE BEKO ISTANBUL,AS MONACO
2023,132,36,MCO,P005985,"JAMES, MIKE",2FGA,Missed Two Pointer,0,269,119,E,0,0,0,3,07:06,5,4,20231220180513,132,"Dec 20, 2023",AS MONACO,PANATHINAIKOS AKTOR ATHENS
2023,132,64,MCO,P005985,"JAMES, MIKE",2FGM,Two Pointer,2,-69,181,B,0,0,0,6,04:19,10,14,20231220181110,132,"Dec 20, 2023",AS MONACO,PANATHINAIKOS AKTOR ATHENS
2023,132,204,MCO,P005985,"JAMES, MIKE",3FGM,Three Pointer,3,326,683,I,0,0,1,15,05:26,34,30,20231220183352,132,"Dec 20, 2023",AS MONACO,PANATHINAIKOS AKTOR ATHENS
2023,132,221,MCO,P005985,"JAMES, MIKE",2FGM,Two Pointer,2,-338,250,D,0,0,0,16,04:08,38,32,20231220183808,132,"Dec 20, 2023",AS MONACO,PANATHINAIKOS AKTOR ATHENS
2023,132,239,MCO,P005985,"JAMES, MIKE",2FGA,Missed Two Pointer,0,-12,144,B,0,0,0,18,02:06,40,36,20231220184210,132,"Dec 20, 2023",AS MONACO,PANATHINAIKOS AKTOR ATHENS
2023,132,301,MCO,P005985,"JAMES, MIKE",3FGA,Missed Three Pointer,0,-56,759,H,0,0,0,21,09:41,47,39,20231220190708,132,"Dec 20, 2023",AS MONACO,PANATHINAIKOS AKTOR ATHENS
2023,132,331,MCO,P005985,"JAMES, MIKE",2FGM,Two Pointer,2,-43,169,B,0,0,0,23,07:08,53,42,20231220191518,132,"Dec 20, 2023",AS MONACO,PANATHINAIKOS AKTOR ATHENS
2023,132,337,MCO,P005985,"JAMES, MIKE",2FGM,Two Pointer,2,-94,150,B,0,0,0,24,06:29,55,42,20231220191638,132,"Dec 20, 2023",AS MONACO,PANATHINAIKOS AKTOR ATHENS
2023,132,505,MCO,P005985,"JAMES, MIKE",2FGA,Missed Two Pointer,0,-31,138,B,0,0,0,36,04:22,80,73,20231220194818,132,"Dec 20, 2023",AS MONACO,PANATHINAIKOS AKTOR ATHENS
2023,132,535,MCO,P005985,"JAMES, MIKE",2FGM,Two Pointer,2,-401,112,D,0,0,0,38,02:36,84,81,20231220195404,132,"Dec 20, 2023",AS MONACO,PANATHINAIKOS AKTOR ATHENS
2023,132,543,MCO,P005985,"JAMES, MIKE",3FGA,Missed Three Pointer,0,-370,633,H,0,0,0,39,01:15,84,84,20231220195614,132,"Dec 20, 2023",AS MONACO,PANATHINAIKOS AKTOR ATHENS
2023,132,559,MCO,P005985,"JAMES, MIKE",FTM,Free Throw In,1,-1,-1, ,0,0,0,40,00:52,86,84,20231220200127,132,"Dec 20, 2023",AS MONACO,PANATHINAIKOS AKTOR ATHENS
2023,132,560,MCO,P005985,"JAMES, MIKE",FTM,Free Throw In,1,-1,-1, ,0,0,0,40,00:52,87,84,20231220200139,132,"Dec 20, 2023",AS MONACO,PANATHINAIKOS AKTOR ATHENS
2023,132,561,MCO,P005985,"JAMES, MIKE",FTM,Free Throw In,1,-1,-1, ,0,0,0,40,00:52,88,84,20231220200155,132,"Dec 20, 2023",AS MONACO,PANATHINAIKOS AKTOR ATHENS
2023,142,4,MCO,P005985,"JAMES, MIKE",2FGA,Missed Two Pointer,0,-43,338,D,0,0,0,1,09:45,0,0,20231222193014,142,"Dec 22, 2023",FC BAYERN MUNICH,AS MONACO
2023,142,31,MCO,P005985,"JAMES, MIKE",2FGM,Two Pointer,2,43,533,G,0,0,1,3,07:14,2,9,20231222193407,142,"Dec 22, 2023",FC BAYERN MUNICH,AS MONACO
2023,142,45,MCO,P005985,"JAMES, MIKE",FTM,Free Throw In,1,-1,-1, ,0,0,0,5,05:53,4,12,20231222193811,142,"Dec 22, 2023",FC BAYERN MUNICH,AS MONACO
2023,142,46,MCO,P005985,"JAMES, MIKE",FTM,Free Throw In,1,-1,-1, ,0,0,0,5,05:53,4,13,20231222193823,142,"Dec 22, 2023",FC BAYERN MUNICH,AS MONACO
2023,142,56,MCO,P005985,"JAMES, MIKE",3FGA,Missed Three Pointer,0,514,514,I,0,0,0,5,05:13,4,13,20231222193932,142,"Dec 22, 2023",FC BAYERN MUNICH,AS MONACO
2023,142,256,MCO,P005985,"JAMES, MIKE",2FGM,Two Pointer,2,-56,144,B,0,0,0,20,00:27,31,46,20231222201413,142,"Dec 22, 2023",FC BAYERN MUNICH,AS MONACO
2023,142,305,MCO,P005985,"JAMES, MIKE",2FGM,Two Pointer,2,-87,112,B,0,0,0,24,06:57,35,52,20231222203507,142,"Dec 22, 2023",FC BAYERN MUNICH,AS MONACO
2023,142,310,MCO,P005985,"JAMES, MIKE",FTM,Free Throw In,1,-1,-1, ,0,0,0,24,06:57,35,53,20231222203540,142,"Dec 22, 2023",FC BAYERN MUNICH,AS MONACO
2023,142,319,MCO,P005985,"JAMES, MIKE",3FGM,Three Pointer,3,401,570,I,0,0,0,24,06:28,36,56,20231222203710,142,"Dec 22, 2023",FC BAYERN MUNICH,AS MONACO
2023,142,323,MCO,P005985,"JAMES, MIKE",3FGA,Missed Three Pointer,0,31,734,I,0,0,0,25,05:58,36,56,20231222203741,142,"Dec 22, 2023",FC BAYERN MUNICH,AS MONACO
2023,142,352,MCO,P005985,"JAMES, MIKE",FTM,Free Throw In,1,-1,-1, ,0,0,0,26,04:33,41,57,20231222204225,142,"Dec 22, 2023",FC BAYERN MUNICH,AS MONACO
2023,142,353,MCO,P005985,"JAMES, MIKE",FTM,Free Throw In,1,-1,-1, ,0,0,0,26,04:33,41,58,20231222204242,142,"Dec 22, 2023",FC BAYERN MUNICH,AS MONACO
2023,142,360,MCO,P005985,"JAMES, MIKE",2FGM,Two Pointer,2,-131,338,D,0,0,1,27,03:55,41,60,20231222204344,142,"Dec 22, 2023",FC BAYERN MUNICH,AS MONACO
2023,142,362,MCO,P005985,"JAMES, MIKE",2FGM,Two Pointer,2,-131,100,B,0,0,0,27,03:24,44,62,20231222204419,142,"Dec 22, 2023",FC BAYERN MUNICH,AS MONACO
2023,142,437,MCO,P005985,"JAMES, MIKE",2FGM,Two Pointer,2,-451,112,F,0,0,1,33,07:31,64,72,20231222205859,142,"Dec 22, 2023",FC BAYERN MUNICH,AS MONACO
2023,142,442,MCO,P005985,"JAMES, MIKE",2FGA,Missed Two Pointer,0,-432,338,F,0,0,0,33,07:21,64,72,20231222205955,142,"Dec 22, 2023",FC BAYERN MUNICH,AS MONACO
2023,142,459,MCO,P005985,"JAMES, MIKE",FTM,Free Throw In,1,-1,-1, ,0,0,1,34,06:33,64,73,20231222210209,142,"Dec 22, 2023",FC BAYERN MUNICH,AS MONACO
2023,142,472,MCO,P005985,"JAMES, MIKE",3FGM,Three Pointer,3,0,765,H,0,0,0,36,04:47,67,78,20231222210507,142,"Dec 22, 2023",FC BAYERN MUNICH,AS MONACO
2023,142,506,MCO,P005985,"JAMES, MIKE",2FGM,Two Pointer,2,0,194,B,0,0,0,38,02:28,70,85,20231222211235,142,"Dec 22, 2023",FC BAYERN MUNICH,AS MONACO
2023,142,509,MCO,P005985,"JAMES, MIKE",FTM,Free Throw In,1,-1,-1, ,0,0,0,38,02:28,70,86,20231222211300,142,"Dec 22, 2023",FC BAYERN MUNICH,AS MONACO
2023,142,530,MCO,P005985,"JAMES, MIKE",FTM,Free Throw In,1,-1,-1, ,0,0,0,39,01:10,78,89,20231222211837,142,"Dec 22, 2023",FC BAYERN MUNICH,AS MONACO
2023,142,547,MCO,P005985,"JAMES, MIKE",2FGA,Missed Two Pointer,0,163,169,C,0,0,0,40,00:15,78,91,20231222212410,142,"Dec 22, 2023",FC BAYERN MUNICH,AS MONACO
2023,152,39,MCO,P005985,"JAMES, MIKE",3FGA,Missed Three Pointer,0,0,759,H,0,0,0,4,06:34,10,3,20231229200607,152,"Dec 29, 2023",AS MONACO,FC BARCELONA
2023,152,43,MCO,P005985,"JAMES, MIKE",FTM,Free Throw In,1,-1,-1, ,0,1,0,4,06:26,11,3,20231229200650,152,"Dec 29, 2023",AS MONACO,FC BARCELONA
2023,152,44,MCO,P005985,"JAMES, MIKE",FTM,Free Throw In,1,-1,-1, ,0,1,0,4,06:26,12,3,20231229200711,152,"Dec 29, 2023",AS MONACO,FC BARCELONA
2023,152,67,MCO,P005985,"JAMES, MIKE",3FGA,Missed Three Pointer,0,-351,639,H,0,0,0,6,04:58,14,5,20231229201216,152,"Dec 29, 2023",AS MONACO,FC BARCELONA
2023,152,72,MCO,P005985,"JAMES, MIKE",2FGM,Two Pointer,2,-12,112,B,0,1,0,6,04:08,16,8,20231229201329,152,"Dec 29, 2023",AS MONACO,FC BARCELONA
2023,152,79,MCO,P005985,"JAMES, MIKE",3FGA,Missed Three Pointer,0,-18,784,H,0,0,0,7,03:38,16,8,20231229201432,152,"Dec 29, 2023",AS MONACO,FC BARCELONA
2023,152,116,MCO,P005985,"JAMES, MIKE",2FGM,Two Pointer,2,-169,125,B,0,0,0,9,01:19,22,13,20231229202055,152,"Dec 29, 2023",AS MONACO,FC BARCELONA
2023,152,217,MCO,P005985,"JAMES, MIKE",3FGA,Missed Three Pointer,0,-125,752,H,0,0,0,17,03:45,39,24,20231229204052,152,"Dec 29, 2023",AS MONACO,FC BARCELONA
2023,152,251,MCO,P005985,"JAMES, MIKE",3FGM,Three Pointer,3,-495,564,H,0,0,0,20,00:53,47,33,20231229204712,152,"Dec 29, 2023",AS MONACO,FC BARCELONA
2023,152,279,MCO,P005985,"JAMES, MIKE",3FGM,Three Pointer,3,-81,727,H,0,0,0,22,08:34,50,38,20231229210544,152,"Dec 29, 2023",AS MONACO,FC BARCELONA
2023,152,315,MCO,P005985,"JAMES, MIKE",FTM,Free Throw In,1,-1,-1, ,0,0,0,24,06:12,54,40,20231229211056,152,"Dec 29, 2023",AS MONACO,FC BARCELONA
2023,152,339,MCO,P005985,"JAMES, MIKE",2FGA,Missed Two Pointer,0,-56,150,B,0,0,0,25,05:02,54,44,20231229211420,152,"Dec 29, 2023",AS MONACO,FC BARCELONA
2023,152,456,MCO,P005985,"JAMES, MIKE",2FGM,Two Pointer,2,-439,87,D,0,0,0,34,06:16,76,55,20231229214047,152,"Dec 29, 2023",AS MONACO,FC BARCELONA
2023,152,468,MCO,P005985,"JAMES, MIKE",2FGM,Two Pointer,2,-445,25,D,0,0,0,35,05:19,81,55,20231229214222,152,"Dec 29, 2023",AS MONACO,FC BARCELONA
2023,152,493,MCO,P005985,"JAMES, MIKE",3FGM,Three Pointer,3,-12,821,H,0,0,0,37,03:52,89,59,20231229214708,152,"Dec 29, 2023",AS MONACO,FC BARCELONA
2023,152,502,MCO,P005985,"JAMES, MIKE",2FGA,Missed Two Pointer,0,6,219,C,0,0,0,37,03:24,89,61,20231229214833,152,"Dec 29, 2023",AS MONACO,FC BARCELONA
2023,152,529,MCO,P005985,"JAMES, MIKE",2FGA,Missed Two Pointer,0,-12,150,B,0,0,0,40,00:43,91,66,20231229215251,152,"Dec 29, 2023",AS MONACO,FC BARCELONA
2023,155,10,MCO,P005985,"JAMES, MIKE",3FGA,Missed Three Pointer,0,-514,627,H,0,0,0,2,08:42,2,2,20240102190652,155,"Jan 02, 2024",MACCABI PLAYTIKA TEL AVIV,AS MONACO
2023,155,16,MCO,P005985,"JAMES, MIKE",FTM,Free Throw In,1,-1,-1, ,0,0,0,2,08:13,2,3,20240102190749,155,"Jan 02, 2024",MACCABI PLAYTIKA TEL AVIV,AS MONACO
2023,155,97,MCO,P005985,"JAMES, MIKE",3FGA,Missed Three Pointer,0,-501,539,H,0,0,0,8,02:35,17,8,20240102191826,155,"Jan 02, 2024",MACCABI PLAYTIKA TEL AVIV,AS MONACO
2023,155,264,MCO,P005985,"JAMES, MIKE",3FGM,Three Pointer,3,514,533,I,0,0,0,20,00:56,46,33,20240102194550,155,"Jan 02, 2024",MACCABI PLAYTIKA TEL AVIV,AS MONACO
2023,155,274,MCO,P005985,"JAMES, MIKE",2FGM,Two Pointer,2,-69,81,B,0,0,0,20,00:30,46,35,20240102194808,155,"Jan 02, 2024",MACCABI PLAYTIKA TEL AVIV,AS MONACO
2023,155,308,MCO,P005985,"JAMES, MIKE",2FGM,Two Pointer,2,0,207,B,0,0,0,22,08:12,52,37,20240102200644,155,"Jan 02, 2024",MACCABI PLAYTIKA TEL AVIV,AS MONACO
2023,155,326,MCO,P005985,"JAMES, MIKE",3FGM,Three Pointer,3,476,539,I,0,1,0,24,06:58,52,43,20240102200852,155,"Jan 02, 2024",MACCABI PLAYTIKA TEL AVIV,AS MONACO
2023,155,339,MCO,P005985,"JAMES, MIKE",3FGA,Missed Three Pointer,0,100,821,I,0,0,0,24,06:01,52,45,20240102201127,155,"Jan 02, 2024",MACCABI PLAYTIKA TEL AVIV,AS MONACO
2023,155,350,MCO,P005985,"JAMES, MIKE",FTM,Free Throw In,1,-1,-1, ,0,0,1,25,05:26,52,46,20240102201255,155,"Jan 02, 2024",MACCABI PLAYTIKA TEL AVIV,AS MONACO
2023,155,360,MCO,P005985,"JAMES, MIKE",2FGA,Missed Two Pointer,0,-207,307,D,0,0,0,26,04:51,53,46,20240102201430,155,"Jan 02, 2024",MACCABI PLAYTIKA TEL AVIV,AS MONACO
2023,155,397,MCO,P005985,"JAMES, MIKE",3FGA,Missed Three Pointer,0,-476,545,H,0,0,0,28,02:12,59,52,20240102201914,155,"Jan 02, 2024",MACCABI PLAYTIKA TEL AVIV,AS MONACO
2023,155,471,MCO,P005985,"JAMES, MIKE",FTM,Free Throw In,1,-1,-1, ,0,0,0,33,07:57,68,61,20240102203337,155,"Jan 02, 2024",MACCABI PLAYTIKA TEL AVIV,AS MONACO
2023,155,472,MCO,P005985,"JAMES, MIKE",FTM,Free Throw In,1,-1,-1, ,0,0,0,33,07:57,68,62,20240102203349,155,"Jan 02, 2024",MACCABI PLAYTIKA TEL AVIV,AS MONACO
2023,155,473,MCO,P005985,"JAMES, MIKE",FTM,Free Throw In,1,-1,-1, ,0,0,0,33,07:57,68,63,20240102203403,155,"Jan 02, 2024",MACCABI PLAYTIKA TEL AVIV,AS MONACO
2023,155,482,MCO,P005985,"JAMES, MIKE",3FGM,Three Pointer,3,-288,696,H,0,0,0,34,06:50,71,66,20240102203613,155,"Jan 02, 2024",MACCABI PLAYTIKA TEL AVIV,AS MONACO
2023,155,484,MCO,P005985,"JAMES, MIKE",3FGM,Three Pointer,3,-307,690,H,0,0,0,34,06:06,74,69,20240102203658,155,"Jan 02, 2024",MACCABI PLAYTIKA TEL AVIV,AS MONACO
2023,155,503,MCO,P005985,"JAMES, MIKE",3FGM,Three Pointer,3,-282,727,H,0,0,1,36,04:30,78,73,20240102204154,155,"Jan 02, 2024",MACCABI PLAYTIKA TEL AVIV,AS MONACO
2023,155,567,MCO,P005985,"JAMES, MIKE",3FGM,Three Pointer,3,-690,62,H,0,0,0,40,00:20,91,83,20240102205252,155,"Jan 02, 2024",MACCABI PLAYTIKA TEL AVIV,AS MONACO
2023,166,37,MCO,P005985,"JAMES, MIKE",2FGM,Two Pointer,2,50,112,C,0,0,0,1,09:05,0,2,20240104191701,166,"Jan 04, 2024",OLYMPIACOS PIRAEUS,AS MONACO
2023,166,59,MCO,P005985,"JAMES, MIKE",2FGA,Missed Two Pointer,0,194,508,G,0,0,0,3,08:00,4,2,20240104192023,166,"Jan 04, 2024",OLYMPIACOS PIRAEUS,AS MONACO
2023,166,225,MCO,P005985,"JAMES, MIKE",2FGA,Missed Two Pointer,0,-81,357,D,0,0,0,17,03:10,28,31,20240104194928,166,"Jan 04, 2024",OLYMPIACOS PIRAEUS,AS MONACO
2023,166,229,MCO,P005985,"JAMES, MIKE",2FGA,Missed Two Pointer,0,533,56,G,0,0,0,17,03:04,28,31,20240104194955,166,"Jan 04, 2024",OLYMPIACOS PIRAEUS,AS MONACO
2023,166,237,MCO,P005985,"JAMES, MIKE",2FGA,Missed Two Pointer,0,-345,56,D,0,0,0,18,02:34,28,33,20240104195138,166,"Jan 04, 2024",OLYMPIACOS PIRAEUS,AS MONACO
2023,166,263,MCO,P005985,"JAMES, MIKE",2FGM,Two Pointer,2,-219,508,F,0,0,1,19,01:24,32,35,20240104200255,166,"Jan 04, 2024",OLYMPIACOS PIRAEUS,AS MONACO
2023,166,270,MCO,P005985,"JAMES, MIKE",3FGA,Missed Three Pointer,0,-533,552,H,0,0,0,20,00:37,34,35,20240104200428,166,"Jan 04, 2024",OLYMPIACOS PIRAEUS,AS MONACO
2023,166,284,MCO,P005985,"JAMES, MIKE",FTM,Free Throw In,1,-1,-1, ,0,0,1,20,00:03,34,36,20240104200802,166,"Jan 04, 2024",OLYMPIACOS PIRAEUS,AS MONACO
2023,166,338,MCO,P005985,"JAMES, MIKE",3FGA,Missed Three Pointer,0,-614,382,H,0,0,0,24,06:03,42,42,20240104203121,166,"Jan 04, 2024",OLYMPIACOS PIRAEUS,AS MONACO
2023,166,399,MCO,P005985,"JAMES, MIKE",2FGM,Two Pointer,2,-87,43,B,0,0,0,29,01:59,51,56,20240104204516,166,"Jan 04, 2024",OLYMPIACOS PIRAEUS,AS MONACO
2023,166,428,MCO,P005985,"JAMES, MIKE",3FGA,Missed Three Pointer,0,627,451,I,0,0,0,31,09:32,56,58,20240104205138,166,"Jan 04, 2024",OLYMPIACOS PIRAEUS,AS MONACO
2023,166,509,MCO,P005985,"JAMES, MIKE",3FGA,Missed Three Pointer,0,520,639,I,0,0,0,38,02:55,67,66,20240104210251,166,"Jan 04, 2024",OLYMPIACOS PIRAEUS,AS MONACO
2023,166,528,MCO,P005985,"JAMES, MIKE",2FGA,Missed Two Pointer,0,12,313,E,0,0,0,40,00:55,69,69,20240104210810,166,"Jan 04, 2024",OLYMPIACOS PIRAEUS,AS MONACO
2023,166,551,MCO,P005985,"JAMES, MIKE",3FGM,Three Pointer,3,0,740,H,0,0,0,40,00:05,74,73,20240104211809,166,"Jan 04, 2024",OLYMPIACOS PIRAEUS,AS MONACO
2023,166,562,MCO,P005985,"JAMES, MIKE",3FGA,Missed Three Pointer,0,50,1135,I,0,0,0,40,01:00,75,73,20240104211946,166,"Jan 04, 2024",OLYMPIACOS PIRAEUS,AS MONACO
2023,173,39,MCO,P005985,"JAMES, MIKE",2FGA,Missed Two Pointer,0,-363,169,D,0,0,0,3,07:33,5,2,20240109180425,173,"Jan 09, 2024",AS MONACO,BASKONIA VITORIA-GASTEIZ
2023,173,92,MCO,P005985,"JAMES, MIKE",2FGA,Missed Two Pointer,0,12,144,C,0,0,0,7,03:04,12,12,20240109181453,173,"Jan 09, 2024",AS MONACO,BASKONIA VITORIA-GASTEIZ
2023,173,102,MCO,P005985,"JAMES, MIKE",2FGM,Two Pointer,2,-188,552,F,0,0,0,9,01:49,16,17,20240109181610,173,"Jan 09, 2024",AS MONACO,BASKONIA VITORIA-GASTEIZ
2023,173,109,MCO,P005985,"JAMES, MIKE",3FGM,Three Pointer,3,-12,934,H,0,0,0,10,00:50,19,19,20240109181712,173,"Jan 09, 2024",AS MONACO,BASKONIA VITORIA-GASTEIZ
2023,173,179,MCO,P005985,"JAMES, MIKE",2FGA,Missed Two Pointer,0,363,150,E,0,0,0,15,05:06,29,35,20240109182923,173,"Jan 09, 2024",AS MONACO,BASKONIA VITORIA-GASTEIZ
2023,173,183,MCO,P005985,"JAMES, MIKE",2FGM,Two Pointer,2,-56,207,B,0,0,1,16,04:40,31,35,20240109183003,173,"Jan 09, 2024",AS MONACO,BASKONIA VITORIA-GASTEIZ
2023,173,186,MCO,P005985,"JAMES, MIKE",3FGA,Missed Three Pointer,0,-25,727,H,0,0,0,16,04:32,31,35,20240109183016,173,"Jan 09, 2024",AS MONACO,BASKONIA VITORIA-GASTEIZ
2023,173,214,MCO,P005985,"JAMES, MIKE",FTM,Free Throw In,1,-1,-1, ,0,0,1,17,03:15,36,35,20240109183615,173,"Jan 09, 2024",AS MONACO,BASKONIA VITORIA-GASTEIZ
2023,173,215,MCO,P005985,"JAMES, MIKE",FTM,Free Throw In,1,-1,-1, ,0,0,1,17,03:15,37,35,20240109183634,173,"Jan 09, 2024",AS MONACO,BASKONIA VITORIA-GASTEIZ
2023,173,223,MCO,P005985,"JAMES, MIKE",2FGM,Two Pointer,2,-43,169,B,0,0,1,18,02:15,41,35,20240109183749,173,"Jan 09, 2024",AS MONACO,BASKONIA VITORIA-GASTEIZ
2023,173,285,MCO,P005985,"JAMES, MIKE",3FGM,Three Pointer,3,0,759,H,0,0,0,22,08:11,48,43,20240109190323,173,"Jan 09, 2024",AS MONACO,BASKONIA VITORIA-GASTEIZ
2023,173,292,MCO,P005985,"JAMES, MIKE",2FGA,Missed Two Pointer,0,-37,495,F,0,0,0,23,07:42,48,44,20240109190513,173,"Jan 09, 2024",AS MONACO,BASKONIA VITORIA-GASTEIZ
2023,173,313,MCO,P005985,"JAMES, MIKE",3FGA,Missed Three Pointer,0,-12,771,H,0,0,0,24,06:40,48,46,20240109190801,173,"Jan 09, 2024",AS MONACO,BASKONIA VITORIA-GASTEIZ
2023,173,343,MCO,P005985,"JAMES, MIKE",2FGM,Two Pointer,2,-6,125,B,0,0,0,26,04:41,55,50,20240109191156,173,"Jan 09, 2024",AS MONACO,BASKONIA VITORIA-GASTEIZ
2023,173,351,MCO,P005985,"JAMES, MIKE",FTM,Free Throw In,1,-1,-1, ,0,0,0,26,04:41,56,50,20240109191400,173,"Jan 09, 2024",AS MONACO,BASKONIA VITORIA-GASTEIZ
2023,173,355,MCO,P005985,"JAMES, MIKE",2FGA,Missed Two Pointer,0,-25,138,B,0,0,0,26,05:00,56,50,20240109191459,173,"Jan 09, 2024",AS MONACO,BASKONIA VITORIA-GASTEIZ
2023,173,365,MCO,P005985,"JAMES, MIKE",3FGM,Three Pointer,3,-401,696,H,0,0,0,27,04:00,61,55,20240109191600,173,"Jan 09, 2024",AS MONACO,BASKONIA VITORIA-GASTEIZ
2023,173,387,MCO,P005985,"JAMES, MIKE",2FGM,Two Pointer,2,18,131,C,1,0,1,29,01:14,68,59,20240109191915,173,"Jan 09, 2024",AS MONACO,BASKONIA VITORIA-GASTEIZ
2023,173,394,MCO,P005985,"JAMES, MIKE",2FGA,Missed Two Pointer,0,-363,194,D,0,0,0,30,00:51,68,59,20240109191938,173,"Jan 09, 2024",AS MONACO,BASKONIA VITORIA-GASTEIZ
2023,173,476,MCO,P005985,"JAMES, MIKE",2FGA,Missed Two Pointer,0,-37,213,B,0,0,0,35,05:34,81,71,20240109193443,173,"Jan 09, 2024",AS MONACO,BASKONIA VITORIA-GASTEIZ
2023,173,499,MCO,P005985,"JAMES, MIKE",3FGM,Three Pointer,3,-432,652,H,0,0,0,36,04:18,84,77,20240109194033,173,"Jan 09, 2024",AS MONACO,BASKONIA VITORIA-GASTEIZ
2023,173,514,MCO,P005985,"JAMES, MIKE",3FGA,Missed Three Pointer,0,-100,708,H,0,0,0,37,03:02,84,81,20240109194251,173,"Jan 09, 2024",AS MONACO,BASKONIA VITORIA-GASTEIZ
2023,173,544,MCO,P005985,"JAMES, MIKE",FTM,Free Throw In,1,-1,-1, ,0,0,0,39,01:42,89,83,20240109195041,173,"Jan 09, 2024",AS MONACO,BASKONIA VITORIA-GASTEIZ
2023,182,32,MCO,P005985,"JAMES, MIKE",2FGA,Missed Two Pointer,0,319,43,E,0,0,0,4,06:50,5,3,20240111192144,182,"Jan 11, 2024",PANATHINAIKOS AKTOR ATHENS,AS MONACO
2023,182,73,MCO,P005985,"JAMES, MIKE",2FGA,Missed Two Pointer,0,75,62,C,0,0,0,7,03:16,18,7,20240111192839,182,"Jan 11, 2024",PANATHINAIKOS AKTOR ATHENS,AS MONACO
2023,182,206,MCO,P005985,"JAMES, MIKE",2FGA,Missed Two Pointer,0,69,276,E,0,0,0,17,03:35,41,28,20240111195140,182,"Jan 11, 2024",PANATHINAIKOS AKTOR ATHENS,AS MONACO
2023,182,228,MCO,P005985,"JAMES, MIKE",2FGA,Missed Two Pointer,0,-50,75,B,0,0,0,18,02:40,43,28,20240111195428,182,"Jan 11, 2024",PANATHINAIKOS AKTOR ATHENS,AS MONACO
2023,182,252,MCO,P005985,"JAMES, MIKE",2FGA,Missed Two Pointer,0,100,106,C,0,0,0,20,00:22,43,30,20240111200138,182,"Jan 11, 2024",PANATHINAIKOS AKTOR ATHENS,AS MONACO
2023,182,295,MCO,P005985,"JAMES, MIKE",3FGM,Three Pointer,3,-570,445,H,0,0,0,24,06:53,49,36,20240111202444,182,"Jan 11, 2024",PANATHINAIKOS AKTOR ATHENS,AS MONACO
2023,182,307,MCO,P005985,"JAMES, MIKE",FTM,Free Throw In,1,-1,-1, ,1,0,0,25,05:32,53,37,20240111202832,182,"Jan 11, 2024",PANATHINAIKOS AKTOR ATHENS,AS MONACO
2023,182,341,MCO,P005985,"JAMES, MIKE",2FGA,Missed Two Pointer,0,100,219,E,0,0,0,28,02:50,58,39,20240111203454,182,"Jan 11, 2024",PANATHINAIKOS AKTOR ATHENS,AS MONACO
2023,182,405,MCO,P005985,"JAMES, MIKE",3FGM,Three Pointer,3,-263,671,H,0,0,1,32,08:30,64,49,20240111204636,182,"Jan 11, 2024",PANATHINAIKOS AKTOR ATHENS,AS MONACO
2023,182,418,MCO,P005985,"JAMES, MIKE",2FGM,Two Pointer,2,-31,87,B,0,0,0,34,06:25,69,54,20240111204841,182,"Jan 11, 2024",PANATHINAIKOS AKTOR ATHENS,AS MONACO
2023,182,440,MCO,P005985,"JAMES, MIKE",2FGA,Missed Two Pointer,0,-37,131,B,0,0,0,36,04:30,76,56,20240111205312,182,"Jan 11, 2024",PANATHINAIKOS AKTOR ATHENS,AS MONACO
2023,182,453,MCO,P005985,"JAMES, MIKE",2FGA,Missed Two Pointer,0,200,414,G,0,0,0,37,04:00,76,58,20240111205511,182,"Jan 11, 2024",PANATHINAIKOS AKTOR ATHENS,AS MONACO
2023,182,460,MCO,P005985,"JAMES, MIKE",2FGM,Two Pointer,2,-75,100,B,1,0,0,37,03:23,78,60,20240111205547,182,"Jan 11, 2024",PANATHINAIKOS AKTOR ATHENS,AS MONACO
2023,182,465,MCO,P005985,"JAMES, MIKE",3FGA,Missed Three Pointer,0,-338,677,H,0,0,0,38,02:46,80,60,20240111205624,182,"Jan 11, 2024",PANATHINAIKOS AKTOR ATHENS,AS MONACO
2023,182,477,MCO,P005985,"JAMES, MIKE",2FGA,Missed Two Pointer,0,-69,37,B,0,0,0,39,01:51,82,63,20240111205809,182,"Jan 11, 2024",PANATHINAIKOS AKTOR ATHENS,AS MONACO
2023,182,501,MCO,P005985,"JAMES, MIKE",2FGA,Missed Two Pointer,0,552,-31,G,0,0,0,40,00:08,88,63,20240111210144,182,"Jan 11, 2024",PANATHINAIKOS AKTOR ATHENS,AS MONACO
2023,195,37,MCO,P005985,"JAMES, MIKE",2FGA,Missed Two Pointer,0,0,533,F,0,0,0,2,08:07,6,2,20240119190440,195,"Jan 19, 2024",AS MONACO,REAL MADRID
2023,195,58,MCO,P005985,"JAMES, MIKE",2FGM,Two Pointer,2,-81,250,D,0,0,0,4,06:24,13,4,20240119190747,195,"Jan 19, 2024",AS MONACO,REAL MADRID
2023,195,91,MCO,P005985,"JAMES, MIKE",2FGA,Missed Two Pointer,0,163,50,C,0,0,0,7,03:45,18,14,20240119191343,195,"Jan 19, 2024",AS MONACO,REAL MADRID
2023,195,116,MCO,P005985,"JAMES, MIKE",3FGM,Three Pointer,3,207,815,I,0,0,0,9,01:54,27,16,20240119191607,195,"Jan 19, 2024",AS MONACO,REAL MADRID
2023,195,151,MCO,P005985,"JAMES, MIKE",FTM,Free Throw In,1,-1,-1, ,0,0,1,10,00:05,32,20,20240119192221,195,"Jan 19, 2024",AS MONACO,REAL MADRID
2023,195,152,MCO,P005985,"JAMES, MIKE",FTM,Free Throw In,1,-1,-1, ,0,0,1,10,00:05,33,20,20240119192232,195,"Jan 19, 2024",AS MONACO,REAL MADRID
2023,195,200,MCO,P005985,"JAMES, MIKE",2FGA,Missed Two Pointer,0,-50,194,B,0,0,0,14,06:33,37,29,20240119193223,195,"Jan 19, 2024",AS MONACO,REAL MADRID
2023,195,225,MCO,P005985,"JAMES, MIKE",2FGM,Two Pointer,2,37,207,C,0,0,0,15,06:00,45,32,20240119193450,195,"Jan 19, 2024",AS MONACO,REAL MADRID
2023,195,334,MCO,P005985,"JAMES, MIKE",3FGM,Three Pointer,3,-81,759,H,0,0,0,23,07:20,63,42,20240119200813,195,"Jan 19, 2024",AS MONACO,REAL MADRID
2023,195,348,MCO,P005985,"JAMES, MIKE",3FGA,Missed Three Pointer,0,-43,771,H,0,0,0,25,05:48,65,42,20240119201053,195,"Jan 19, 2024",AS MONACO,REAL MADRID
2023,195,458,MCO,P005985,"JAMES, MIKE",3FGM,Three Pointer,3,-501,614,H,0,1,0,31,09:27,83,54,20240119203203,195,"Jan 19, 2024",AS MONACO,REAL MADRID
2023,195,566,MCO,P005985,"JAMES, MIKE",3FGA,Missed Three Pointer,0,-50,771,H,0,0,0,39,01:10,94,72,20240119204845,195,"Jan 19, 2024",AS MONACO,REAL MADRID
2023,204,31,MCO,P005985,"JAMES, MIKE",3FGM,Three Pointer,3,-181,690,H,1,0,0,3,07:45,2,5,20240126173452,204,"Jan 26, 2024",ANADOLU EFES ISTANBUL,AS MONACO
2023,204,60,MCO,P005985,"JAMES, MIKE",2FGM,Two Pointer,2,31,370,E,0,0,0,5,05:06,9,12,20240126173856,204,"Jan 26, 2024",ANADOLU EFES ISTANBUL,AS MONACO
2023,204,97,MCO,P005985,"JAMES, MIKE",3FGA,Missed Three Pointer,0,6,690,I,0,0,0,7,03:14,16,14,20240126174518,204,"Jan 26, 2024",ANADOLU EFES ISTANBUL,AS MONACO
2023,204,188,MCO,P005985,"JAMES, MIKE",2FGM,Two Pointer,2,87,50,C,0,0,1,14,06:31,27,34,20240126175949,204,"Jan 26, 2024",ANADOLU EFES ISTANBUL,AS MONACO
2023,204,197,MCO,P005985,"JAMES, MIKE",3FGA,Missed Three Pointer,0,570,407,I,0,0,0,15,05:46,30,34,20240126180054,204,"Jan 26, 2024",ANADOLU EFES ISTANBUL,AS MONACO
2023,204,226,MCO,P005985,"JAMES, MIKE",FTM,Free Throw In,1,-1,-1, ,0,0,0,17,03:42,33,37,20240126180556,204,"Jan 26, 2024",ANADOLU EFES ISTANBUL,AS MONACO
2023,204,227,MCO,P005985,"JAMES, MIKE",FTM,Free Throw In,1,-1,-1, ,0,0,0,17,03:42,33,38,20240126180608,204,"Jan 26, 2024",ANADOLU EFES ISTANBUL,AS MONACO
2023,204,228,MCO,P005985,"JAMES, MIKE",FTM,Free Throw In,1,-1,-1, ,0,0,0,17,03:42,33,39,20240126180627,204,"Jan 26, 2024",ANADOLU EFES ISTANBUL,AS MONACO
2023,204,231,MCO,P005985,"JAMES, MIKE",3FGA,Missed Three Pointer,0,-207,677,H,0,0,0,17,03:04,36,39,20240126180708,204,"Jan 26, 2024",ANADOLU EFES ISTANBUL,AS MONACO
2023,204,260,MCO,P005985,"JAMES, MIKE",2FGA,Missed Two Pointer,0,-370,-6,D,0,0,0,19,01:26,38,39,20240126181027,204,"Jan 26, 2024",ANADOLU EFES ISTANBUL,AS MONACO
2023,204,277,MCO,P005985,"JAMES, MIKE",2FGA,Missed Two Pointer,0,-81,169,B,0,0,0,20,00:02,43,39,20240126181423,204,"Jan 26, 2024",ANADOLU EFES ISTANBUL,AS MONACO
2023,204,303,MCO,P005985,"JAMES, MIKE",2FGM,Two Pointer,2,-225,106,B,0,0,0,22,08:31,47,43,20240126183225,204,"Jan 26, 2024",ANADOLU EFES ISTANBUL,AS MONACO
2023,204,359,MCO,P005985,"JAMES, MIKE",2FGA,Missed Two Pointer,0,345,62,E,0,0,0,26,04:15,56,51,20240126184255,204,"Jan 26, 2024",ANADOLU EFES ISTANBUL,AS MONACO
2023,204,461,MCO,P005985,"JAMES, MIKE",2FGM,Two Pointer,2,-363,301,F,0,0,0,35,05:46,65,72,20240126190109,204,"Jan 26, 2024",ANADOLU EFES ISTANBUL,AS MONACO
2023,204,468,MCO,P005985,"JAMES, MIKE",3FGA,Missed Three Pointer,0,-614,558,H,0,0,0,36,04:17,70,72,20240126190239,204,"Jan 26, 2024",ANADOLU EFES ISTANBUL,AS MONACO
2023,204,497,MCO,P005985,"JAMES, MIKE",2FGM,Two Pointer,2,-257,37,B,0,0,1,38,02:55,70,77,20240126190859,204,"Jan 26, 2024",ANADOLU EFES ISTANBUL,AS MONACO
2023,204,536,MCO,P005985,"JAMES, MIKE",2FGA,Missed Two Pointer,0,0,508,F,0,0,0,40,00:17,76,77,20240126191646,204,"Jan 26, 2024",ANADOLU EFES ISTANBUL,AS MONACO
2023,213,34,MCO,P005985,"JAMES, MIKE",3FGA,Missed Three Pointer,0,451,664,I,0,0,0,3,07:44,4,0,20240131180258,213,"Jan 31, 2024",AS MONACO,PARTIZAN MOZZART BET BELGRADE
2023,213,39,MCO,P005985,"JAMES, MIKE",2FGM,Two Pointer,2,144,338,E,0,0,0,4,06:57,8,2,20240131180345,213,"Jan 31, 2024",AS MONACO,PARTIZAN MOZZART BET BELGRADE
2023,213,57,MCO,P005985,"JAMES, MIKE",2FGA,Missed Two Pointer,0,-357,62,D,0,0,0,6,04:49,10,8,20240131180757,213,"Jan 31, 2024",AS MONACO,PARTIZAN MOZZART BET BELGRADE
2023,213,81,MCO,P005985,"JAMES, MIKE",3FGA,Missed Three Pointer,0,357,677,I,0,0,0,7,03:16,12,8,20240131181154,213,"Jan 31, 2024",AS MONACO,PARTIZAN MOZZART BET BELGRADE
2023,213,224,MCO,P005985,"JAMES, MIKE",2FGM,Two Pointer,2,-69,539,F,0,0,0,18,02:50,34,32,20240131184148,213,"Jan 31, 2024",AS MONACO,PARTIZAN MOZZART BET BELGRADE
2023,213,234,MCO,P005985,"JAMES, MIKE",FTM,Free Throw In,1,-1,-1, ,0,0,1,18,02:09,35,33,20240131184411,213,"Jan 31, 2024",AS MONACO,PARTIZAN MOZZART BET BELGRADE
2023,213,241,MCO,P005985,"JAMES, MIKE",3FGM,Three Pointer,3,464,646,I,0,0,0,19,01:34,40,33,20240131184500,213,"Jan 31, 2024",AS MONACO,PARTIZAN MOZZART BET BELGRADE
2023,213,293,MCO,P005985,"JAMES, MIKE",2FGM,Two Pointer,2,-6,420,D,0,0,0,22,08:22,48,41,20240131190811,213,"Jan 31, 2024",AS MONACO,PARTIZAN MOZZART BET BELGRADE
2023,213,309,MCO,P005985,"JAMES, MIKE",3FGA,Missed Three Pointer,0,50,777,I,0,0,0,24,06:27,50,45,20240131191158,213,"Jan 31, 2024",AS MONACO,PARTIZAN MOZZART BET BELGRADE
2023,213,361,MCO,P005985,"JAMES, MIKE",FTM,Free Throw In,1,-1,-1, ,0,0,0,28,02:47,60,55,20240131192339,213,"Jan 31, 2024",AS MONACO,PARTIZAN MOZZART BET BELGRADE
2023,213,362,MCO,P005985,"JAMES, MIKE",FTM,Free Throw In,1,-1,-1, ,0,0,0,28,02:47,61,55,20240131192350,213,"Jan 31, 2024",AS MONACO,PARTIZAN MOZZART BET BELGRADE
2023,213,396,MCO,P005985,"JAMES, MIKE",FTM,Free Throw In,1,-1,-1, ,0,0,0,30,00:07,64,61,20240131193138,213,"Jan 31, 2024",AS MONACO,PARTIZAN MOZZART BET BELGRADE
2023,213,397,MCO,P005985,"JAMES, MIKE",FTM,Free Throw In,1,-1,-1, ,0,0,0,30,00:07,65,61,20240131193152,213,"Jan 31, 2024",AS MONACO,PARTIZAN MOZZART BET BELGRADE
2023,213,473,MCO,P005985,"JAMES, MIKE",3FGM,Three Pointer,3,-87,784,H,0,1,0,34,06:24,72,61,20240131194024,213,"Jan 31, 2024",AS MONACO,PARTIZAN MOZZART BET BELGRADE
2023,213,507,MCO,P005985,"JAMES, MIKE",2FGA,Missed Two Pointer,0,-395,244,F,0,0,0,36,04:24,74,64,20240131195020,213,"Jan 31, 2024",AS MONACO,PARTIZAN MOZZART BET BELGRADE
2023,213,526,MCO,P005985,"JAMES, MIKE",3FGA,Missed Three Pointer,0,-420,690,H,0,0,0,38,02:42,79,66,20240131195655,213,"Jan 31, 2024",AS MONACO,PARTIZAN MOZZART BET BELGRADE
2023,213,544,MCO,P005985,"JAMES, MIKE",FTM,Free Throw In,1,-1,-1, ,0,0,0,39,01:39,80,68,20240131195936,213,"Jan 31, 2024",AS MONACO,PARTIZAN MOZZART BET BELGRADE
2023,213,545,MCO,P005985,"JAMES, MIKE",FTM,Free Throw In,1,-1,-1, ,0,0,0,39,01:39,81,68,20240131195949,213,"Jan 31, 2024",AS MONACO,PARTIZAN MOZZART BET BELGRADE
2023,213,551,MCO,P005985,"JAMES, MIKE",2FGA,Missed Two Pointer,0,-319,250,D,0,0,0,39,01:02,81,68,20240131200046,213,"Jan 31, 2024",AS MONACO,PARTIZAN MOZZART BET BELGRADE
2023,222,26,MCO,P005985,"JAMES, MIKE",2FGM,Two Pointer,2,-351,169,D,0,0,1,3,07:32,4,0,20240202193510,222,"Feb 02, 2024",AS MONACO,FENERBAHCE BEKO ISTANBUL
2023,222,37,MCO,P005985,"JAMES, MIKE",2FGM,Two Pointer,2,-25,232,D,0,0,0,4,06:52,6,3,20240202193613,222,"Feb 02, 2024",AS MONACO,FENERBAHCE BEKO ISTANBUL
2023,222,45,MCO,P005985,"JAMES, MIKE",2FGM,Two Pointer,2,-407,125,D,0,0,0,5,05:49,8,8,20240202193717,222,"Feb 02, 2024",AS MONACO,FENERBAHCE BEKO ISTANBUL
2023,222,59,MCO,P005985,"JAMES, MIKE",2FGM,Two Pointer,2,-6,357,D,0,0,0,6,04:28,10,13,20240202194035,222,"Feb 02, 2024",AS MONACO,FENERBAHCE BEKO ISTANBUL
2023,222,83,MCO,P005985,"JAMES, MIKE",3FGM,Three Pointer,3,25,777,I,0,1,0,9,01:59,17,20,20240202194505,222,"Feb 02, 2024",AS MONACO,FENERBAHCE BEKO ISTANBUL
2023,222,212,MCO,P005985,"JAMES, MIKE",3FGA,Missed Three Pointer,0,-18,746,H,0,0,0,15,05:09,27,34,20240202200740,222,"Feb 02, 2024",AS MONACO,FENERBAHCE BEKO ISTANBUL
2023,222,221,MCO,P005985,"JAMES, MIKE",3FGA,Missed Three Pointer,0,6,740,I,0,0,0,16,04:18,27,34,20240202200914,222,"Feb 02, 2024",AS MONACO,FENERBAHCE BEKO ISTANBUL
2023,222,239,MCO,P005985,"JAMES, MIKE",2FGM,Two Pointer,2,-43,414,D,0,0,1,18,02:27,31,38,20240202201317,222,"Feb 02, 2024",AS MONACO,FENERBAHCE BEKO ISTANBUL
2023,222,331,MCO,P005985,"JAMES, MIKE",3FGA,Missed Three Pointer,0,-18,752,H,0,0,0,25,05:57,45,51,20240202204232,222,"Feb 02, 2024",AS MONACO,FENERBAHCE BEKO ISTANBUL
2023,222,336,MCO,P005985,"JAMES, MIKE",3FGA,Missed Three Pointer,0,-583,451,H,0,0,0,25,05:12,45,54,20240202204341,222,"Feb 02, 2024",AS MONACO,FENERBAHCE BEKO ISTANBUL
2023,222,420,MCO,P005985,"JAMES, MIKE",FTM,Free Throw In,1,-1,-1, ,0,0,0,31,09:06,58,64,20240202210500,222,"Feb 02, 2024",AS MONACO,FENERBAHCE BEKO ISTANBUL
2023,222,421,MCO,P005985,"JAMES, MIKE",FTM,Free Throw In,1,-1,-1, ,0,0,0,31,09:06,59,64,20240202210511,222,"Feb 02, 2024",AS MONACO,FENERBAHCE BEKO ISTANBUL
2023,222,423,MCO,P005985,"JAMES, MIKE",3FGM,Three Pointer,3,-81,759,H,0,0,0,32,08:50,62,64,20240202210546,222,"Feb 02, 2024",AS MONACO,FENERBAHCE BEKO ISTANBUL
2023,222,426,MCO,P005985,"JAMES, MIKE",2FGM,Two Pointer,2,-94,213,D,0,0,0,32,08:07,64,66,20240202210631,222,"Feb 02, 2024",AS MONACO,FENERBAHCE BEKO ISTANBUL
2023,222,438,MCO,P005985,"JAMES, MIKE",2FGA,Missed Two Pointer,0,6,294,E,0,0,0,33,07:20,64,66,20240202210810,222,"Feb 02, 2024",AS MONACO,FENERBAHCE BEKO ISTANBUL
2023,222,440,MCO,P005985,"JAMES, MIKE",3FGM,Three Pointer,3,-31,765,H,0,1,0,33,07:07,67,66,20240202210825,222,"Feb 02, 2024",AS MONACO,FENERBAHCE BEKO ISTANBUL
2023,222,467,MCO,P005985,"JAMES, MIKE",2FGA,Missed Two Pointer,0,-307,282,D,0,0,0,35,05:41,69,66,20240202211403,222,"Feb 02, 2024",AS MONACO,FENERBAHCE BEKO ISTANBUL
2023,222,519,MCO,P005985,"JAMES, MIKE",2FGA,Missed Two Pointer,0,-112,476,F,0,0,0,38,02:47,74,67,20240202212255,222,"Feb 02, 2024",AS MONACO,FENERBAHCE BEKO ISTANBUL
2023,234,49,MCO,P005985,"JAMES, MIKE",2FGM,Two Pointer,2,-131,62,B,0,0,0,5,05:28,8,9,20240209193655,234,"Feb 09, 2024",VIRTUS SEGAFREDO BOLOGNA,AS MONACO
2023,234,54,MCO,P005985,"JAMES, MIKE",2FGA,Missed Two Pointer,0,-125,100,B,0,0,0,6,05:00,10,9,20240209193724,234,"Feb 09, 2024",VIRTUS SEGAFREDO BOLOGNA,AS MONACO
2023,234,58,MCO,P005985,"JAMES, MIKE",3FGA,Missed Three Pointer,0,56,765,I,0,0,0,6,04:50,10,9,20240209193733,234,"Feb 09, 2024",VIRTUS SEGAFREDO BOLOGNA,AS MONACO
2023,234,65,MCO,P005985,"JAMES, MIKE",2FGM,Two Pointer,2,87,75,C,0,0,0,6,04:30,10,11,20240209193940,234,"Feb 09, 2024",VIRTUS SEGAFREDO BOLOGNA,AS MONACO
2023,234,94,MCO,P005985,"JAMES, MIKE",2FGM,Two Pointer,2,445,163,G,0,0,1,8,02:44,12,17,20240209194316,234,"Feb 09, 2024",VIRTUS SEGAFREDO BOLOGNA,AS MONACO
2023,234,188,MCO,P005985,"JAMES, MIKE",3FGA,Missed Three Pointer,0,570,501,I,0,0,0,15,05:29,23,36,20240209200115,234,"Feb 09, 2024",VIRTUS SEGAFREDO BOLOGNA,AS MONACO
2023,234,203,MCO,P005985,"JAMES, MIKE",2FGA,Missed Two Pointer,0,-156,169,B,0,0,0,16,05:00,25,38,20240209200353,234,"Feb 09, 2024",VIRTUS SEGAFREDO BOLOGNA,AS MONACO
2023,234,228,MCO,P005985,"JAMES, MIKE",FTM,Free Throw In,1,-1,-1, ,0,0,0,18,02:59,27,41,20240209200848,234,"Feb 09, 2024",VIRTUS SEGAFREDO BOLOGNA,AS MONACO
2023,234,229,MCO,P005985,"JAMES, MIKE",FTM,Free Throw In,1,-1,-1, ,0,0,0,18,02:59,27,42,20240209200900,234,"Feb 09, 2024",VIRTUS SEGAFREDO BOLOGNA,AS MONACO
2023,234,230,MCO,P005985,"JAMES, MIKE",FTM,Free Throw In,1,-1,-1, ,0,0,0,18,02:59,27,43,20240209200912,234,"Feb 09, 2024",VIRTUS SEGAFREDO BOLOGNA,AS MONACO
2023,234,233,MCO,P005985,"JAMES, MIKE",3FGA,Missed Three Pointer,0,75,746,I,0,0,0,18,02:31,27,43,20240209200943,234,"Feb 09, 2024",VIRTUS SEGAFREDO BOLOGNA,AS MONACO
2023,234,262,MCO,P005985,"JAMES, MIKE",3FGA,Missed Three Pointer,0,56,784,I,0,0,0,20,00:22,35,45,20240209201340,234,"Feb 09, 2024",VIRTUS SEGAFREDO BOLOGNA,AS MONACO
2023,234,299,MCO,P005985,"JAMES, MIKE",2FGA,Missed Two Pointer,0,18,439,G,0,0,0,23,07:21,41,45,20240209203452,234,"Feb 09, 2024",VIRTUS SEGAFREDO BOLOGNA,AS MONACO
2023,234,332,MCO,P005985,"JAMES, MIKE",2FGM,Two Pointer,2,87,81,C,0,0,0,25,05:05,45,48,20240209203950,234,"Feb 09, 2024",VIRTUS SEGAFREDO BOLOGNA,AS MONACO
2023,234,337,MCO,P005985,"JAMES, MIKE",FTM,Free Throw In,1,-1,-1, ,0,0,0,25,05:05,45,49,20240209204025,234,"Feb 09, 2024",VIRTUS SEGAFREDO BOLOGNA,AS MONACO
2023,234,341,MCO,P005985,"JAMES, MIKE",3FGA,Missed Three Pointer,0,-6,784,H,0,0,0,26,04:31,45,49,20240209204101,234,"Feb 09, 2024",VIRTUS SEGAFREDO BOLOGNA,AS MONACO
2023,234,504,MCO,P005985,"JAMES, MIKE",FTM,Free Throw In,1,-1,-1, ,0,0,0,36,04:59,69,69,20240209211654,234,"Feb 09, 2024",VIRTUS SEGAFREDO BOLOGNA,AS MONACO
2023,234,505,MCO,P005985,"JAMES, MIKE",FTM,Free Throw In,1,-1,-1, ,0,0,0,36,04:59,69,70,20240209211725,234,"Feb 09, 2024",VIRTUS SEGAFREDO BOLOGNA,AS MONACO
2023,234,508,MCO,P005985,"JAMES, MIKE",2FGM,Two Pointer,2,81,401,E,0,0,0,36,04:14,69,72,20240209211816,234,"Feb 09, 2024",VIRTUS SEGAFREDO BOLOGNA,AS MONACO
2023,234,516,MCO,P005985,"JAMES, MIKE",2FGM,Two Pointer,2,-131,75,B,0,0,0,37,03:37,70,74,20240209212009,234,"Feb 09, 2024",VIRTUS SEGAFREDO BOLOGNA,AS MONACO
2023,234,543,MCO,P005985,"JAMES, MIKE",3FGM,Three Pointer,3,-470,602,H,0,0,0,38,02:02,76,77,20240209212614,234,"Feb 09, 2024",VIRTUS SEGAFREDO BOLOGNA,AS MONACO
2023,234,551,MCO,P005985,"JAMES, MIKE",2FGA,Missed Two Pointer,0,-163,94,B,0,0,0,39,01:32,78,77,20240209212737,234,"Feb 09, 2024",VIRTUS SEGAFREDO BOLOGNA,AS MONACO
2023,234,573,MCO,P005985,"JAMES, MIKE",3FGA,Missed Three Pointer,0,-420,639,H,0,0,0,40,00:30,78,79,20240209213155,234,"Feb 09, 2024",VIRTUS SEGAFREDO BOLOGNA,AS MONACO
2023,240,34,MCO,P005985,"JAMES, MIKE",3FGA,Missed Three Pointer,0,-376,639,H,0,0,0,1,09:23,1,0,20240301193214,240,"Mar 01, 2024",FC BARCELONA,AS MONACO
2023,240,42,MCO,P005985,"JAMES, MIKE",3FGA,Missed Three Pointer,0,-633,257,H,0,0,0,2,08:27,4,0,20240301193356,240,"Mar 01, 2024",FC BARCELONA,AS MONACO
2023,240,92,MCO,P005985,"JAMES, MIKE",2FGA,Missed Two Pointer,0,150,382,E,0,0,0,6,04:22,14,8,20240301194346,240,"Mar 01, 2024",FC BARCELONA,AS MONACO
2023,240,124,MCO,P005985,"JAMES, MIKE",2FGA,Missed Two Pointer,0,-75,169,B,0,0,0,8,02:53,15,9,20240301194741,240,"Mar 01, 2024",FC BARCELONA,AS MONACO
2023,240,141,MCO,P005985,"JAMES, MIKE",2FGM,Two Pointer,2,112,250,E,0,0,1,9,01:56,16,11,20240301195007,240,"Mar 01, 2024",FC BARCELONA,AS MONACO
2023,240,153,MCO,P005985,"JAMES, MIKE",2FGA,Missed Two Pointer,0,43,420,G,0,0,0,10,00:51,18,11,20240301195232,240,"Mar 01, 2024",FC BARCELONA,AS MONACO
2023,240,267,MCO,P005985,"JAMES, MIKE",2FGM,Two Pointer,2,12,388,E,0,0,0,17,03:07,28,29,20240301201329,240,"Mar 01, 2024",FC BARCELONA,AS MONACO
2023,240,382,MCO,P005985,"JAMES, MIKE",FTM,Free Throw In,1,-1,-1, ,0,0,0,25,05:53,43,46,20240301204634,240,"Mar 01, 2024",FC BARCELONA,AS MONACO
2023,240,383,MCO,P005985,"JAMES, MIKE",FTM,Free Throw In,1,-1,-1, ,0,0,0,25,05:53,43,47,20240301204646,240,"Mar 01, 2024",FC BARCELONA,AS MONACO
2023,240,392,MCO,P005985,"JAMES, MIKE",3FGM,Three Pointer,3,-37,702,H,0,0,0,25,05:26,46,50,20240301204739,240,"Mar 01, 2024",FC BARCELONA,AS MONACO
2023,240,403,MCO,P005985,"JAMES, MIKE",3FGA,Missed Three Pointer,0,-476,501,H,0,0,0,26,04:41,46,52,20240301205002,240,"Mar 01, 2024",FC BARCELONA,AS MONACO
2023,240,457,MCO,P005985,"JAMES, MIKE",2FGM,Two Pointer,2,-100,382,D,0,0,0,30,00:48,51,60,20240301205631,240,"Mar 01, 2024",FC BARCELONA,AS MONACO
2023,240,462,MCO,P005985,"JAMES, MIKE",3FGA,Missed Three Pointer,0,-382,595,H,0,0,0,30,00:11,51,60,20240301205709,240,"Mar 01, 2024",FC BARCELONA,AS MONACO
2023,240,468,MCO,P005985,"JAMES, MIKE",3FGA,Missed Three Pointer,0,432,639,I,0,0,0,30,00:02,51,60,20240301205924,240,"Mar 01, 2024",FC BARCELONA,AS MONACO
2023,240,539,MCO,P005985,"JAMES, MIKE",FTM,Free Throw In,1,-1,-1, ,0,0,0,34,06:04,57,67,20240301211036,240,"Mar 01, 2024",FC BARCELONA,AS MONACO
2023,240,553,MCO,P005985,"JAMES, MIKE",3FGA,Missed Three Pointer,0,407,539,I,0,0,0,35,05:07,57,67,20240301211201,240,"Mar 01, 2024",FC BARCELONA,AS MONACO
2023,240,569,MCO,P005985,"JAMES, MIKE",2FGA,Missed Two Pointer,0,-407,188,F,0,0,0,37,03:32,59,70,20240301211537,240,"Mar 01, 2024",FC BARCELONA,AS MONACO
2023,240,603,MCO,P005985,"JAMES, MIKE",2FGM,Two Pointer,2,-94,200,B,0,0,0,39,01:12,65,74,20240301212124,240,"Mar 01, 2024",FC BARCELONA,AS MONACO
2023,240,611,MCO,P005985,"JAMES, MIKE",3FGM,Three Pointer,3,-501,539,H,0,0,1,40,00:46,65,77,20240301212349,240,"Mar 01, 2024",FC BARCELONA,AS MONACO
2023,240,614,MCO,P005985,"JAMES, MIKE",2FGA,Missed Two Pointer,0,181,313,E,0,0,0,40,00:18,65,77,20240301212419,240,"Mar 01, 2024",FC BARCELONA,AS MONACO
2023,245,20,MCO,P005985,"JAMES, MIKE",2FGM,Two Pointer,2,-69,175,B,0,0,0,3,07:24,6,7,20240307180401,245,"Mar 07, 2024",AS MONACO,CRVENA ZVEZDA MERIDIANBET BELGRADE
2023,245,23,MCO,P005985,"JAMES, MIKE",FTM,Free Throw In,1,-1,-1, ,0,0,0,3,07:24,7,7,20240307180437,245,"Mar 07, 2024",AS MONACO,CRVENA ZVEZDA MERIDIANBET BELGRADE
2023,245,30,MCO,P005985,"JAMES, MIKE",3FGA,Missed Three Pointer,0,-232,715,H,0,0,0,4,07:00,7,9,20240307180546,245,"Mar 07, 2024",AS MONACO,CRVENA ZVEZDA MERIDIANBET BELGRADE
2023,245,35,MCO,P005985,"JAMES, MIKE",3FGA,Missed Three Pointer,0,-558,489,H,0,0,0,4,06:06,7,11,20240307180723,245,"Mar 07, 2024",AS MONACO,CRVENA ZVEZDA MERIDIANBET BELGRADE
2023,245,56,MCO,P005985,"JAMES, MIKE",3FGA,Missed Three Pointer,0,501,558,I,0,0,0,6,04:33,11,13,20240307181103,245,"Mar 07, 2024",AS MONACO,CRVENA ZVEZDA MERIDIANBET BELGRADE
2023,245,73,MCO,P005985,"JAMES, MIKE",FTM,Free Throw In,1,-1,-1, ,0,0,0,7,03:54,12,15,20240307181400,245,"Mar 07, 2024",AS MONACO,CRVENA ZVEZDA MERIDIANBET BELGRADE
2023,245,74,MCO,P005985,"JAMES, MIKE",FTM,Free Throw In,1,-1,-1, ,0,0,0,7,03:54,13,15,20240307181415,245,"Mar 07, 2024",AS MONACO,CRVENA ZVEZDA MERIDIANBET BELGRADE
2023,245,83,MCO,P005985,"JAMES, MIKE",2FGA,Missed Two Pointer,0,-81,213,B,0,0,0,7,03:06,13,17,20240307181559,245,"Mar 07, 2024",AS MONACO,CRVENA ZVEZDA MERIDIANBET BELGRADE
2023,245,90,MCO,P005985,"JAMES, MIKE",3FGA,Missed Three Pointer,0,-583,445,H,0,0,0,8,02:39,13,17,20240307181627,245,"Mar 07, 2024",AS MONACO,CRVENA ZVEZDA MERIDIANBET BELGRADE
2023,245,162,MCO,P005985,"JAMES, MIKE",2FGM,Two Pointer,2,332,250,E,0,1,0,12,08:23,27,23,20240307182944,245,"Mar 07, 2024",AS MONACO,CRVENA ZVEZDA MERIDIANBET BELGRADE
2023,245,166,MCO,P005985,"JAMES, MIKE",2FGM,Two Pointer,2,-50,144,B,0,0,0,13,07:37,29,23,20240307183046,245,"Mar 07, 2024",AS MONACO,CRVENA ZVEZDA MERIDIANBET BELGRADE
2023,245,174,MCO,P005985,"JAMES, MIKE",2FGA,Missed Two Pointer,0,-6,163,B,0,0,0,13,07:06,29,23,20240307183307,245,"Mar 07, 2024",AS MONACO,CRVENA ZVEZDA MERIDIANBET BELGRADE
2023,245,185,MCO,P005985,"JAMES, MIKE",FTM,Free Throw In,1,-1,-1, ,0,0,0,14,06:04,30,23,20240307183429,245,"Mar 07, 2024",AS MONACO,CRVENA ZVEZDA MERIDIANBET BELGRADE
2023,245,186,MCO,P005985,"JAMES, MIKE",FTM,Free Throw In,1,-1,-1, ,0,0,0,14,06:02,31,23,20240307183442,245,"Mar 07, 2024",AS MONACO,CRVENA ZVEZDA MERIDIANBET BELGRADE
2023,245,235,MCO,P005985,"JAMES, MIKE",2FGM,Two Pointer,2,-81,514,F,0,0,0,17,03:54,38,31,20240307184352,245,"Mar 07, 2024",AS MONACO,CRVENA ZVEZDA MERIDIANBET BELGRADE
2023,245,246,MCO,P005985,"JAMES, MIKE",3FGA,Missed Three Pointer,0,-50,765,H,0,0,0,18,02:34,40,33,20240307184906,245,"Mar 07, 2024",AS MONACO,CRVENA ZVEZDA MERIDIANBET BELGRADE
2023,245,264,MCO,P005985,"JAMES, MIKE",2FGA,Missed Two Pointer,0,-401,50,D,0,0,0,20,00:43,46,37,20240307185138,245,"Mar 07, 2024",AS MONACO,CRVENA ZVEZDA MERIDIANBET BELGRADE
2023,245,294,MCO,P005985,"JAMES, MIKE",2FGA,Missed Two Pointer,0,-62,539,F,0,0,0,21,09:04,46,43,20240307191033,245,"Mar 07, 2024",AS MONACO,CRVENA ZVEZDA MERIDIANBET BELGRADE
2023,245,499,MCO,P005985,"JAMES, MIKE",FTM,Free Throw In,1,-1,-1, ,0,0,0,35,05:38,83,70,20240307194651,245,"Mar 07, 2024",AS MONACO,CRVENA ZVEZDA MERIDIANBET BELGRADE
2023,245,500,MCO,P005985,"JAMES, MIKE",FTM,Free Throw In,1,-1,-1, ,0,0,0,35,05:38,84,70,20240307194704,245,"Mar 07, 2024",AS MONACO,CRVENA ZVEZDA MERIDIANBET BELGRADE
2023,245,510,MCO,P005985,"JAMES, MIKE",3FGM,Three Pointer,3,-37,765,H,0,0,0,36,04:27,89,73,20240307194902,245,"Mar 07, 2024",AS MONACO,CRVENA ZVEZDA MERIDIANBET BELGRADE
2023,245,526,MCO,P005985,"JAMES, MIKE",3FGA,Missed Three Pointer,0,-464,608,H,0,0,0,37,03:14,91,75,20240307195128,245,"Mar 07, 2024",AS MONACO,CRVENA ZVEZDA MERIDIANBET BELGRADE
2023,245,564,MCO,P005985,"JAMES, MIKE",2FGM,Two Pointer,2,0,539,F,0,0,1,39,01:29,98,76,20240307195845,245,"Mar 07, 2024",AS MONACO,CRVENA ZVEZDA MERIDIANBET BELGRADE
2023,253,74,MCO,P005985,"JAMES, MIKE",2FGA,Missed Two Pointer,0,-100,276,D,0,0,0,6,05:00,14,9,20240314191044,253,"Mar 14, 2024",ALBA BERLIN,AS MONACO
2023,253,88,MCO,P005985,"JAMES, MIKE",FTM,Free Throw In,1,-1,-1, ,0,0,0,7,03:31,17,10,20240314191349,253,"Mar 14, 2024",ALBA BERLIN,AS MONACO
2023,253,125,MCO,P005985,"JAMES, MIKE",2FGA,Missed Two Pointer,0,6,345,E,0,0,0,9,01:42,23,11,20240314192040,253,"Mar 14, 2024",ALBA BERLIN,AS MONACO
2023,253,127,MCO,P005985,"JAMES, MIKE",2FGM,Two Pointer,2,50,119,C,0,1,0,9,01:38,23,13,20240314192044,253,"Mar 14, 2024",ALBA BERLIN,AS MONACO
2023,253,134,MCO,P005985,"JAMES, MIKE",3FGA,Missed Three Pointer,0,-213,658,H,0,0,0,9,01:09,23,13,20240314192113,253,"Mar 14, 2024",ALBA BERLIN,AS MONACO
2023,253,144,MCO,P005985,"JAMES, MIKE",3FGA,Missed Three Pointer,0,-514,501,H,0,0,0,10,01:00,27,13,20240314192243,253,"Mar 14, 2024",ALBA BERLIN,AS MONACO
2023,253,266,MCO,P005985,"JAMES, MIKE",3FGM,Three Pointer,3,-332,608,H,0,0,0,18,02:07,36,38,20240314194514,253,"Mar 14, 2024",ALBA BERLIN,AS MONACO
2023,253,294,MCO,P005985,"JAMES, MIKE",3FGM,Three Pointer,3,-420,570,H,0,0,0,20,00:34,38,45,20240314194849,253,"Mar 14, 2024",ALBA BERLIN,AS MONACO
2023,253,306,MCO,P005985,"JAMES, MIKE",3FGA,Missed Three Pointer,0,-407,583,H,0,0,0,20,01:00,39,45,20240314195035,253,"Mar 14, 2024",ALBA BERLIN,AS MONACO
2023,253,334,MCO,P005985,"JAMES, MIKE",3FGM,Three Pointer,3,238,658,I,0,0,1,22,08:58,41,51,20240314200718,253,"Mar 14, 2024",ALBA BERLIN,AS MONACO
2023,253,372,MCO,P005985,"JAMES, MIKE",2FGA,Missed Two Pointer,0,426,188,G,0,0,0,24,06:03,50,58,20240314201319,253,"Mar 14, 2024",ALBA BERLIN,AS MONACO
2023,253,404,MCO,P005985,"JAMES, MIKE",2FGA,Missed Two Pointer,0,100,37,C,0,0,0,26,04:18,53,60,20240314201811,253,"Mar 14, 2024",ALBA BERLIN,AS MONACO
2023,253,410,MCO,P005985,"JAMES, MIKE",2FGA,Missed Two Pointer,0,119,31,C,0,0,0,27,03:54,53,62,20240314201835,253,"Mar 14, 2024",ALBA BERLIN,AS MONACO
2023,253,425,MCO,P005985,"JAMES, MIKE",3FGA,Missed Three Pointer,0,-671,106,H,0,0,0,28,02:49,53,64,20240314202030,253,"Mar 14, 2024",ALBA BERLIN,AS MONACO
2023,253,435,MCO,P005985,"JAMES, MIKE",2FGA,Missed Two Pointer,0,-407,307,F,0,0,0,28,02:20,54,64,20240314202159,253,"Mar 14, 2024",ALBA BERLIN,AS MONACO
2023,253,504,MCO,P005985,"JAMES, MIKE",3FGA,Missed Three Pointer,0,388,664,I,0,0,0,34,06:59,69,72,20240314203455,253,"Mar 14, 2024",ALBA BERLIN,AS MONACO
2023,253,528,MCO,P005985,"JAMES, MIKE",3FGA,Missed Three Pointer,0,-188,671,H,0,0,0,35,05:39,72,78,20240314203816,253,"Mar 14, 2024",ALBA BERLIN,AS MONACO
2023,253,530,MCO,P005985,"JAMES, MIKE",2FGM,Two Pointer,2,439,106,E,0,1,0,35,05:31,72,80,20240314203824,253,"Mar 14, 2024",ALBA BERLIN,AS MONACO
2023,253,547,MCO,P005985,"JAMES, MIKE",2FGM,Two Pointer,2,-87,520,F,0,0,0,36,04:22,75,84,20240314204210,253,"Mar 14, 2024",ALBA BERLIN,AS MONACO
2023,253,554,MCO,P005985,"JAMES, MIKE",3FGA,Missed Three Pointer,0,-495,671,H,0,0,0,37,03:38,75,84,20240314204319,253,"Mar 14, 2024",ALBA BERLIN,AS MONACO
2023,253,569,MCO,P005985,"JAMES, MIKE",2FGA,Missed Two Pointer,0,62,200,C,0,0,0,38,02:35,75,86,20240314204726,253,"Mar 14, 2024",ALBA BERLIN,AS MONACO
2023,253,603,MCO,P005985,"JAMES, MIKE",3FGM,Three Pointer,3,250,639,I,0,0,1,39,01:04,80,89,20240314205310,253,"Mar 14, 2024",ALBA BERLIN,AS MONACO
2023,253,609,MCO,P005985,"JAMES, MIKE",FTM,Free Throw In,1,-1,-1, ,0,0,0,39,01:03,80,90,20240314205426,253,"Mar 14, 2024",ALBA BERLIN,AS MONACO
2023,253,613,MCO,P005985,"JAMES, MIKE",2FGA,Missed Two Pointer,0,106,225,E,0,0,0,40,00:39,80,90,20240314205458,253,"Mar 14, 2024",ALBA BERLIN,AS MONACO
2023,267,33,MCO,P005985,"JAMES, MIKE",3FGA,Missed Three Pointer,0,332,414,G,0,0,0,3,07:56,0,6,20240320180425,267,"Mar 20, 2024",AS MONACO,EA7 EMPORIO ARMANI MILAN
2023,267,80,MCO,P005985,"JAMES, MIKE",2FGM,Two Pointer,2,-31,175,B,0,0,0,6,04:16,12,12,20240320181045,267,"Mar 20, 2024",AS MONACO,EA7 EMPORIO ARMANI MILAN
2023,267,89,MCO,P005985,"JAMES, MIKE",FTM,Free Throw In,1,-1,-1, ,0,0,0,7,03:40,13,12,20240320181259,267,"Mar 20, 2024",AS MONACO,EA7 EMPORIO ARMANI MILAN
2023,267,90,MCO,P005985,"JAMES, MIKE",FTM,Free Throw In,1,-1,-1, ,0,0,0,7,03:40,14,12,20240320181311,267,"Mar 20, 2024",AS MONACO,EA7 EMPORIO ARMANI MILAN
2023,267,91,MCO,P005985,"JAMES, MIKE",FTM,Free Throw In,1,-1,-1, ,0,0,0,7,03:40,15,12,20240320181326,267,"Mar 20, 2024",AS MONACO,EA7 EMPORIO ARMANI MILAN
2023,267,228,MCO,P005985,"JAMES, MIKE",FTM,Free Throw In,1,-1,-1, ,0,0,0,18,02:34,40,45,20240320184129,267,"Mar 20, 2024",AS MONACO,EA7 EMPORIO ARMANI MILAN
2023,267,242,MCO,P005985,"JAMES, MIKE",3FGA,Missed Three Pointer,0,-175,727,H,0,0,0,19,01:40,42,50,20240320184329,267,"Mar 20, 2024",AS MONACO,EA7 EMPORIO ARMANI MILAN
2023,267,268,MCO,P005985,"JAMES, MIKE",3FGA,Missed Three Pointer,0,-6,752,H,0,0,0,20,01:00,44,58,20240320184558,267,"Mar 20, 2024",AS MONACO,EA7 EMPORIO ARMANI MILAN
2023,267,292,MCO,P005985,"JAMES, MIKE",3FGA,Missed Three Pointer,0,0,803,H,0,0,0,23,07:48,46,64,20240320190426,267,"Mar 20, 2024",AS MONACO,EA7 EMPORIO ARMANI MILAN
2023,267,302,MCO,P005985,"JAMES, MIKE",3FGA,Missed Three Pointer,0,-12,526,F,0,0,0,23,07:19,46,64,20240320190526,267,"Mar 20, 2024",AS MONACO,EA7 EMPORIO ARMANI MILAN
2023,267,318,MCO,P005985,"JAMES, MIKE",2FGA,Missed Two Pointer,0,31,451,G,0,0,0,24,06:11,48,66,20240320190844,267,"Mar 20, 2024",AS MONACO,EA7 EMPORIO ARMANI MILAN
2023,267,577,MCO,P005985,"JAMES, MIKE",2FGA,Missed Two Pointer,0,363,94,E,0,0,0,26,04:54,50,69,20240320200708,267,"Mar 20, 2024",AS MONACO,EA7 EMPORIO ARMANI MILAN
2023,267,359,MCO,P005985,"JAMES, MIKE",FTM,Free Throw In,1,-1,-1, ,0,0,0,26,04:05,54,71,20240320191348,267,"Mar 20, 2024",AS MONACO,EA7 EMPORIO ARMANI MILAN
2023,267,360,MCO,P005985,"JAMES, MIKE",FTM,Free Throw In,1,-1,-1, ,0,0,0,26,04:05,55,71,20240320191406,267,"Mar 20, 2024",AS MONACO,EA7 EMPORIO ARMANI MILAN
2023,267,481,MCO,P005985,"JAMES, MIKE",3FGA,Missed Three Pointer,0,-476,646,H,0,0,0,35,05:20,70,81,20240320193745,267,"Mar 20, 2024",AS MONACO,EA7 EMPORIO ARMANI MILAN
2023,267,507,MCO,P005985,"JAMES, MIKE",2FGA,Missed Two Pointer,0,-31,175,B,0,0,0,36,04:10,70,85,20240320194316,267,"Mar 20, 2024",AS MONACO,EA7 EMPORIO ARMANI MILAN
2023,267,520,MCO,P005985,"JAMES, MIKE",FTM,Free Throw In,1,-1,-1, ,0,0,0,37,03:35,71,87,20240320194514,267,"Mar 20, 2024",AS MONACO,EA7 EMPORIO ARMANI MILAN
2023,267,521,MCO,P005985,"JAMES, MIKE",FTM,Free Throw In,1,-1,-1, ,0,0,0,37,03:35,72,87,20240320194533,267,"Mar 20, 2024",AS MONACO,EA7 EMPORIO ARMANI MILAN
2023,275,14,MCO,P005985,"JAMES, MIKE",3FGA,Missed Three Pointer,0,-62,796,H,0,0,0,1,09:43,0,0,20240322180126,275,"Mar 22, 2024",AS MONACO,VALENCIA BASKET
2023,275,55,MCO,P005985,"JAMES, MIKE",2FGM,Two Pointer,2,43,225,E,0,0,0,5,05:18,12,4,20240322180914,275,"Mar 22, 2024",AS MONACO,VALENCIA BASKET
2023,275,69,MCO,P005985,"JAMES, MIKE",2FGA,Missed Two Pointer,0,-62,81,B,0,0,0,6,05:00,14,7,20240322181331,275,"Mar 22, 2024",AS MONACO,VALENCIA BASKET
2023,275,98,MCO,P005985,"JAMES, MIKE",2FGA,Missed Two Pointer,0,-69,144,B,0,0,0,8,02:09,16,9,20240322181812,275,"Mar 22, 2024",AS MONACO,VALENCIA BASKET
2023,275,216,MCO,P005985,"JAMES, MIKE",2FGM,Two Pointer,2,-213,489,F,0,0,0,17,03:38,31,27,20240322183942,275,"Mar 22, 2024",AS MONACO,VALENCIA BASKET
2023,275,243,MCO,P005985,"JAMES, MIKE",FTM,Free Throw In,1,-1,-1, ,0,0,0,18,02:04,32,29,20240322184457,275,"Mar 22, 2024",AS MONACO,VALENCIA BASKET
2023,275,244,MCO,P005985,"JAMES, MIKE",FTM,Free Throw In,1,-1,-1, ,0,0,0,18,02:04,33,29,20240322184510,275,"Mar 22, 2024",AS MONACO,VALENCIA BASKET
2023,275,248,MCO,P005985,"JAMES, MIKE",2FGM,Two Pointer,2,-56,244,D,1,0,1,19,01:46,35,29,20240322184533,275,"Mar 22, 2024",AS MONACO,VALENCIA BASKET
2023,275,284,MCO,P005985,"JAMES, MIKE",2FGA,Missed Two Pointer,0,-420,181,F,0,0,0,21,09:24,38,34,20240322190630,275,"Mar 22, 2024",AS MONACO,VALENCIA BASKET
2023,275,336,MCO,P005985,"JAMES, MIKE",2FGA,Missed Two Pointer,0,-43,225,D,0,0,0,25,05:27,49,44,20240322191603,275,"Mar 22, 2024",AS MONACO,VALENCIA BASKET
2023,275,351,MCO,P005985,"JAMES, MIKE",2FGM,Two Pointer,2,-56,138,B,0,0,1,26,04:28,53,46,20240322191851,275,"Mar 22, 2024",AS MONACO,VALENCIA BASKET
2023,275,441,MCO,P005985,"JAMES, MIKE",2FGA,Missed Two Pointer,0,-69,432,F,0,0,0,31,09:11,59,54,20240322193620,275,"Mar 22, 2024",AS MONACO,VALENCIA BASKET
2023,275,494,MCO,P005985,"JAMES, MIKE",FTM,Free Throw In,1,-1,-1, ,0,0,1,34,06:43,62,61,20240322194152,275,"Mar 22, 2024",AS MONACO,VALENCIA BASKET
2023,275,495,MCO,P005985,"JAMES, MIKE",FTM,Free Throw In,1,-1,-1, ,0,0,1,34,06:43,63,61,20240322194206,275,"Mar 22, 2024",AS MONACO,VALENCIA BASKET
2023,275,526,MCO,P005985,"JAMES, MIKE",2FGA,Missed Two Pointer,0,-388,232,F,0,0,0,37,03:57,72,64,20240322194826,275,"Mar 22, 2024",AS MONACO,VALENCIA BASKET
2023,275,534,MCO,P005985,"JAMES, MIKE",3FGA,Missed Three Pointer,0,-263,696,H,0,0,0,38,02:40,72,66,20240322194943,275,"Mar 22, 2024",AS MONACO,VALENCIA BASKET
2023,275,542,MCO,P005985,"JAMES, MIKE",3FGM,Three Pointer,3,-363,690,H,0,0,0,38,02:16,75,68,20240322195129,275,"Mar 22, 2024",AS MONACO,VALENCIA BASKET
2023,275,561,MCO,P005985,"JAMES, MIKE",FTM,Free Throw In,1,-1,-1, ,0,0,0,39,01:23,76,70,20240322195729,275,"Mar 22, 2024",AS MONACO,VALENCIA BASKET
2023,275,562,MCO,P005985,"JAMES, MIKE",FTM,Free Throw In,1,-1,-1, ,0,0,0,39,01:23,77,70,20240322195745,275,"Mar 22, 2024",AS MONACO,VALENCIA BASKET
2023,275,576,MCO,P005985,"JAMES, MIKE",3FGA,Missed Three Pointer,0,-175,702,H,0,0,0,40,00:13,77,74,20240322195956,275,"Mar 22, 2024",AS MONACO,VALENCIA BASKET
2023,281,6,MCO,P005985,"JAMES, MIKE",2FGM,Two Pointer,2,-100,100,B,1,0,1,1,09:27,0,2,20240328200129,281,"Mar 28, 2024",LDLC ASVEL VILLEURBANNE,AS MONACO
2023,281,36,MCO,P005985,"JAMES, MIKE",2FGA,Missed Two Pointer,0,-200,94,B,0,0,0,4,06:33,0,6,20240328200544,281,"Mar 28, 2024",LDLC ASVEL VILLEURBANNE,AS MONACO
2023,281,89,MCO,P005985,"JAMES, MIKE",2FGA,Missed Two Pointer,0,-345,307,F,0,0,0,8,02:58,8,16,20240328201210,281,"Mar 28, 2024",LDLC ASVEL VILLEURBANNE,AS MONACO
2023,281,115,MCO,P005985,"JAMES, MIKE",3FGA,Missed Three Pointer,0,677,56,I,0,0,0,9,01:04,10,19,20240328201512,281,"Mar 28, 2024",LDLC ASVEL VILLEURBANNE,AS MONACO
2023,281,260,MCO,P005985,"JAMES, MIKE",2FGA,Missed Two Pointer,0,-351,307,F,0,0,0,19,01:21,36,36,20240328204141,281,"Mar 28, 2024",LDLC ASVEL VILLEURBANNE,AS MONACO
2023,281,275,MCO,P005985,"JAMES, MIKE",FTM,Free Throw In,1,-1,-1, ,0,0,0,20,00:27,38,41,20240328204555,281,"Mar 28, 2024",LDLC ASVEL VILLEURBANNE,AS MONACO
2023,281,323,MCO,P005985,"JAMES, MIKE",3FGA,Missed Three Pointer,0,545,432,I,0,0,0,23,07:46,45,44,20240328210810,281,"Mar 28, 2024",LDLC ASVEL VILLEURBANNE,AS MONACO
2023,281,345,MCO,P005985,"JAMES, MIKE",2FGM,Two Pointer,2,100,69,C,0,0,0,25,05:51,55,48,20240328211246,281,"Mar 28, 2024",LDLC ASVEL VILLEURBANNE,AS MONACO
2023,281,363,MCO,P005985,"JAMES, MIKE",2FGM,Two Pointer,2,-376,457,F,0,0,0,26,04:35,57,50,20240328211438,281,"Mar 28, 2024",LDLC ASVEL VILLEURBANNE,AS MONACO
2023,281,487,MCO,P005985,"JAMES, MIKE",2FGM,Two Pointer,2,-370,301,F,0,0,0,35,05:46,68,67,20240328213622,281,"Mar 28, 2024",LDLC ASVEL VILLEURBANNE,AS MONACO
2023,281,497,MCO,P005985,"JAMES, MIKE",3FGA,Missed Three Pointer,0,-627,407,H,0,0,0,36,04:48,68,69,20240328213803,281,"Mar 28, 2024",LDLC ASVEL VILLEURBANNE,AS MONACO
2023,281,539,MCO,P005985,"JAMES, MIKE",FTM,Free Throw In,1,-1,-1, ,0,0,0,39,01:24,71,81,20240328214735,281,"Mar 28, 2024",LDLC ASVEL VILLEURBANNE,AS MONACO
2023,281,540,MCO,P005985,"JAMES, MIKE",FTM,Free Throw In,1,-1,-1, ,0,0,0,39,01:24,71,82,20240328214737,281,"Mar 28, 2024",LDLC ASVEL VILLEURBANNE,AS MONACO
2023,281,554,MCO,P005985,"JAMES, MIKE",FTM,Free Throw In,1,-1,-1, ,0,0,0,40,00:59,74,85,20240328214917,281,"Mar 28, 2024",LDLC ASVEL VILLEURBANNE,AS MONACO
2023,290,24,MCO,P005985,"JAMES, MIKE",3FGM,Three Pointer,3,-401,646,H,1,0,0,3,07:36,7,2,20240404170332,290,"Apr 04, 2024",AS MONACO,ZALGIRIS KAUNAS
2023,290,37,MCO,P005985,"JAMES, MIKE",2FGM,Two Pointer,2,0,388,D,0,0,0,4,06:28,9,4,20240404170552,290,"Apr 04, 2024",AS MONACO,ZALGIRIS KAUNAS
2023,290,61,MCO,P005985,"JAMES, MIKE",2FGM,Two Pointer,2,-25,188,B,0,0,1,6,04:38,11,4,20240404171037,290,"Apr 04, 2024",AS MONACO,ZALGIRIS KAUNAS
2023,290,163,MCO,P005985,"JAMES, MIKE",2FGA,Missed Two Pointer,0,6,232,E,0,0,0,13,07:17,25,18,20240404173040,290,"Apr 04, 2024",AS MONACO,ZALGIRIS KAUNAS
2023,290,195,MCO,P005985,"JAMES, MIKE",2FGA,Missed Two Pointer,0,62,150,C,0,0,0,16,04:41,30,25,20240404173417,290,"Apr 04, 2024",AS MONACO,ZALGIRIS KAUNAS
2023,290,212,MCO,P005985,"JAMES, MIKE",2FGM,Two Pointer,2,-357,401,F,0,1,0,17,03:25,34,27,20240404173731,290,"Apr 04, 2024",AS MONACO,ZALGIRIS KAUNAS
2023,290,236,MCO,P005985,"JAMES, MIKE",3FGA,Missed Three Pointer,0,0,777,H,0,0,0,19,01:26,37,29,20240404174123,290,"Apr 04, 2024",AS MONACO,ZALGIRIS KAUNAS
2023,290,261,MCO,P005985,"JAMES, MIKE",FTM,Free Throw In,1,-1,-1, ,0,0,1,20,00:30,38,29,20240404174505,290,"Apr 04, 2024",AS MONACO,ZALGIRIS KAUNAS
2023,290,262,MCO,P005985,"JAMES, MIKE",FTM,Free Throw In,1,-1,-1, ,0,0,1,20,00:30,39,29,20240404174520,290,"Apr 04, 2024",AS MONACO,ZALGIRIS KAUNAS
2023,290,312,MCO,P005985,"JAMES, MIKE",2FGA,Missed Two Pointer,0,-414,138,D,0,0,0,23,07:35,41,33,20240404180823,290,"Apr 04, 2024",AS MONACO,ZALGIRIS KAUNAS
2023,290,329,MCO,P005985,"JAMES, MIKE",2FGA,Missed Two Pointer,0,-50,156,B,0,0,0,24,06:22,41,35,20240404181124,290,"Apr 04, 2024",AS MONACO,ZALGIRIS KAUNAS
2023,290,334,MCO,P005985,"JAMES, MIKE",2FGA,Missed Two Pointer,0,-69,470,F,0,0,0,25,05:51,41,35,20240404181157,290,"Apr 04, 2024",AS MONACO,ZALGIRIS KAUNAS
2023,290,453,MCO,P005985,"JAMES, MIKE",2FGM,Two Pointer,2,-382,169,D,0,0,1,33,07:55,56,44,20240404183457,290,"Apr 04, 2024",AS MONACO,ZALGIRIS KAUNAS
2023,290,474,MCO,P005985,"JAMES, MIKE",2FGM,Two Pointer,2,-50,451,F,0,0,0,34,06:59,61,46,20240404184022,290,"Apr 04, 2024",AS MONACO,ZALGIRIS KAUNAS
2023,290,488,MCO,P005985,"JAMES, MIKE",3FGA,Missed Three Pointer,0,-25,752,H,0,0,0,35,05:39,61,49,20240404184210,290,"Apr 04, 2024",AS MONACO,ZALGIRIS KAUNAS
2023,290,492,MCO,P005985,"JAMES, MIKE",2FGA,Missed Two Pointer,0,-288,276,D,0,0,0,35,05:10,61,49,20240404184240,290,"Apr 04, 2024",AS MONACO,ZALGIRIS KAUNAS
2023,290,519,MCO,P005985,"JAMES, MIKE",FTM,Free Throw In,1,-1,-1, ,0,0,1,37,03:09,63,55,20240404184830,290,"Apr 04, 2024",AS MONACO,ZALGIRIS KAUNAS
2023,290,531,MCO,P005985,"JAMES, MIKE",FTM,Free Throw In,1,-1,-1, ,0,0,0,38,02:27,64,58,20240404184949,290,"Apr 04, 2024",AS MONACO,ZALGIRIS KAUNAS
2023,290,532,MCO,P005985,"JAMES, MIKE",FTM,Free Throw In,1,-1,-1, ,0,0,0,38,02:27,65,58,20240404185004,290,"Apr 04, 2024",AS MONACO,ZALGIRIS KAUNAS
2023,299,27,MCO,P005985,"JAMES, MIKE",FTM,Free Throw In,1,-1,-1, ,0,0,0,4,06:52,7,6,20240411170541,299,"Apr 11, 2024",AS MONACO,FC BAYERN MUNICH
2023,299,30,MCO,P005985,"JAMES, MIKE",3FGM,Three Pointer,3,345,683,I,0,0,0,4,06:21,10,6,20240411170614,299,"Apr 11, 2024",AS MONACO,FC BAYERN MUNICH
2023,299,82,MCO,P005985,"JAMES, MIKE",2FGA,Missed Two Pointer,0,-62,169,B,0,0,0,8,02:37,20,14,20240411171503,299,"Apr 11, 2024",AS MONACO,FC BAYERN MUNICH
2023,299,169,MCO,P005985,"JAMES, MIKE",2FGM,Two Pointer,2,-100,131,B,1,0,0,15,05:21,38,18,20240411173012,299,"Apr 11, 2024",AS MONACO,FC BAYERN MUNICH
2023,299,172,MCO,P005985,"JAMES, MIKE",FTM,Free Throw In,1,-1,-1, ,0,0,0,15,05:21,39,18,20240411173036,299,"Apr 11, 2024",AS MONACO,FC BAYERN MUNICH
2023,299,188,MCO,P005985,"JAMES, MIKE",3FGA,Missed Three Pointer,0,-43,771,H,0,0,0,16,04:16,39,20,20240411173401,299,"Apr 11, 2024",AS MONACO,FC BAYERN MUNICH
2023,299,251,MCO,P005985,"JAMES, MIKE",FTM,Free Throw In,1,-1,-1, ,0,0,0,20,00:04,51,30,20240411174530,299,"Apr 11, 2024",AS MONACO,FC BAYERN MUNICH
2023,299,252,MCO,P005985,"JAMES, MIKE",FTM,Free Throw In,1,-1,-1, ,0,0,0,20,00:04,52,30,20240411174558,299,"Apr 11, 2024",AS MONACO,FC BAYERN MUNICH
2023,299,435,MCO,P005985,"JAMES, MIKE",2FGM,Two Pointer,2,-50,169,B,0,0,0,35,05:32,77,71,20240411183318,299,"Apr 11, 2024",AS MONACO,FC BAYERN MUNICH
2023,299,465,MCO,P005985,"JAMES, MIKE",2FGA,Missed Two Pointer,0,-62,219,B,0,0,0,38,02:49,80,75,20240411184004,299,"Apr 11, 2024",AS MONACO,FC BAYERN MUNICH
2023,299,481,MCO,P005985,"JAMES, MIKE",FTM,Free Throw In,1,-1,-1, ,0,0,0,39,01:47,82,79,20240411184303,299,"Apr 11, 2024",AS MONACO,FC BAYERN MUNICH
2023,299,490,MCO,P005985,"JAMES, MIKE",FTM,Free Throw In,1,-1,-1, ,0,0,0,39,01:07,83,79,20240411184714,299,"Apr 11, 2024",AS MONACO,FC BAYERN MUNICH
2023,299,491,MCO,P005985,"JAMES, MIKE",FTM,Free Throw In,1,-1,-1, ,0,0,0,39,01:07,84,79,20240411184733,299,"Apr 11, 2024",AS MONACO,FC BAYERN MUNICH
2023,299,495,MCO,P005985,"JAMES, MIKE",3FGA,Missed Three Pointer,0,-238,715,H,0,0,0,40,00:54,84,82,20240411184816,299,"Apr 11, 2024",AS MONACO,FC BAYERN MUNICH
2023,299,507,MCO,P005985,"JAMES, MIKE",FTM,Free Throw In,1,-1,-1, ,0,0,1,40,00:10,87,82,20240411185133,299,"Apr 11, 2024",AS MONACO,FC BAYERN MUNICH
2023,299,508,MCO,P005985,"JAMES, MIKE",FTM,Free Throw In,1,-1,-1, ,0,0,1,40,00:10,88,82,20240411185141,299,"Apr 11, 2024",AS MONACO,FC BAYERN MUNICH
2023,299,515,MCO,P005985,"JAMES, MIKE",FTM,Free Throw In,1,-1,-1, ,0,0,0,40,00:01,89,85,20240411185256,299,"Apr 11, 2024",AS MONACO,FC BAYERN MUNICH
2023,312,29,MCO,P005985,"JAMES, MIKE",3FGM,Three Pointer,3,-552,621,H,1,0,0,3,07:44,3,2,20240424170549,312,"Apr 24, 2024",AS MONACO,FENERBAHCE BEKO ISTANBUL
2023,312,68,MCO,P005985,"JAMES, MIKE",2FGM,Two Pointer,2,-345,12,D,0,1,0,6,04:29,18,6,20240424171345,312,"Apr 24, 2024",AS MONACO,FENERBAHCE BEKO ISTANBUL
2023,312,93,MCO,P005985,"JAMES, MIKE",3FGA,Missed Three Pointer,0,-363,696,H,0,0,0,8,02:34,21,10,20240424171644,312,"Apr 24, 2024",AS MONACO,FENERBAHCE BEKO ISTANBUL
2023,312,188,MCO,P005985,"JAMES, MIKE",2FGA,Missed Two Pointer,0,-12,100,B,0,0,0,17,03:41,37,27,20240424173622,312,"Apr 24, 2024",AS MONACO,FENERBAHCE BEKO ISTANBUL
2023,312,215,MCO,P005985,"JAMES, MIKE",FTM,Free Throw In,1,-1,-1, ,0,0,0,19,01:54,42,33,20240424174119,312,"Apr 24, 2024",AS MONACO,FENERBAHCE BEKO ISTANBUL
2023,312,227,MCO,P005985,"JAMES, MIKE",2FGM,Two Pointer,2,-43,131,B,0,0,0,20,00:31,46,37,20240424174338,312,"Apr 24, 2024",AS MONACO,FENERBAHCE BEKO ISTANBUL
2023,312,253,MCO,P005985,"JAMES, MIKE",3FGA,Missed Three Pointer,0,-545,508,H,0,0,0,22,08:04,47,39,20240424180444,312,"Apr 24, 2024",AS MONACO,FENERBAHCE BEKO ISTANBUL
2023,312,305,MCO,P005985,"JAMES, MIKE",2FGA,Missed Two Pointer,0,-351,345,F,0,0,0,26,04:18,50,45,20240424181401,312,"Apr 24, 2024",AS MONACO,FENERBAHCE BEKO ISTANBUL
2023,312,318,MCO,P005985,"JAMES, MIKE",FTM,Free Throw In,1,-1,-1, ,0,0,1,27,03:22,51,48,20240424181534,312,"Apr 24, 2024",AS MONACO,FENERBAHCE BEKO ISTANBUL
2023,312,319,MCO,P005985,"JAMES, MIKE",FTM,Free Throw In,1,-1,-1, ,0,0,1,27,03:22,52,48,20240424181549,312,"Apr 24, 2024",AS MONACO,FENERBAHCE BEKO ISTANBUL
2023,312,412,MCO,P005985,"JAMES, MIKE",2FGA,Missed Two Pointer,0,-414,188,F,0,0,0,28,02:02,52,51,20240424183530,312,"Apr 24, 2024",AS MONACO,FENERBAHCE BEKO ISTANBUL
2023,312,334,MCO,P005985,"JAMES, MIKE",FTM,Free Throw In,1,-1,-1, ,0,0,0,28,02:34,53,51,20240424182013,312,"Apr 24, 2024",AS MONACO,FENERBAHCE BEKO ISTANBUL
2023,312,335,MCO,P005985,"JAMES, MIKE",FTM,Free Throw In,1,-1,-1, ,0,0,0,28,02:34,54,51,20240424182022,312,"Apr 24, 2024",AS MONACO,FENERBAHCE BEKO ISTANBUL
2023,312,428,MCO,P005985,"JAMES, MIKE",FTM,Free Throw In,1,-1,-1, ,0,0,0,33,07:23,67,62,20240424183924,312,"Apr 24, 2024",AS MONACO,FENERBAHCE BEKO ISTANBUL
2023,312,429,MCO,P005985,"JAMES, MIKE",FTM,Free Throw In,1,-1,-1, ,0,0,0,33,07:23,68,62,20240424183936,312,"Apr 24, 2024",AS MONACO,FENERBAHCE BEKO ISTANBUL
2023,312,475,MCO,P005985,"JAMES, MIKE",3FGA,Missed Three Pointer,0,-150,790,H,0,0,0,37,03:57,74,67,20240424185120,312,"Apr 24, 2024",AS MONACO,FENERBAHCE BEKO ISTANBUL
2023,312,482,MCO,P005985,"JAMES, MIKE",3FGA,Missed Three Pointer,0,-37,796,H,0,0,0,37,03:19,74,70,20240424185345,312,"Apr 24, 2024",AS MONACO,FENERBAHCE BEKO ISTANBUL
2023,312,525,MCO,P005985,"JAMES, MIKE",2FGA,Missed Two Pointer,0,-56,144,B,0,0,0,40,00:10,81,81,20240424190336,312,"Apr 24, 2024",AS MONACO,FENERBAHCE BEKO ISTANBUL
2023,312,539,MCO,P005985,"JAMES, MIKE",2FGA,Missed Two Pointer,0,-31,526,F,0,0,0,41,04:40,81,81,20240424190930,312,"Apr 24, 2024",AS MONACO,FENERBAHCE BEKO ISTANBUL
2023,312,575,MCO,P005985,"JAMES, MIKE",2FGA,Missed Two Pointer,0,-432,169,F,0,0,0,44,01:03,86,94,20240424191716,312,"Apr 24, 2024",AS MONACO,FENERBAHCE BEKO ISTANBUL
2023,312,599,MCO,P005985,"JAMES, MIKE",2FGM,Two Pointer,2,-69,301,D,0,0,0,45,00:26,91,95,20240424192038,312,"Apr 24, 2024",AS MONACO,FENERBAHCE BEKO ISTANBUL
2023,312,608,MCO,P005985,"JAMES, MIKE",3FGA,Missed Three Pointer,0,-407,696,H,0,0,0,45,00:11,91,95,20240424192150,312,"Apr 24, 2024",AS MONACO,FENERBAHCE BEKO ISTANBUL
2023,316,21,MCO,P005985,"JAMES, MIKE",FTM,Free Throw In,1,-1,-1, ,0,0,1,1,09:05,5,0,20240426170203,316,"Apr 26, 2024",AS MONACO,FENERBAHCE BEKO ISTANBUL
2023,316,22,MCO,P005985,"JAMES, MIKE",FTM,Free Throw In,1,-1,-1, ,0,0,1,1,09:05,6,0,20240426170218,316,"Apr 26, 2024",AS MONACO,FENERBAHCE BEKO ISTANBUL
2023,316,26,MCO,P005985,"JAMES, MIKE",3FGM,Three Pointer,3,577,570,I,0,0,0,2,08:32,9,0,20240426170353,316,"Apr 26, 2024",AS MONACO,FENERBAHCE BEKO ISTANBUL
2023,316,35,MCO,P005985,"JAMES, MIKE",2FGA,Missed Two Pointer,0,263,238,E,0,0,0,3,07:43,9,0,20240426170705,316,"Apr 26, 2024",AS MONACO,FENERBAHCE BEKO ISTANBUL
2023,316,235,MCO,P005985,"JAMES, MIKE",3FGM,Three Pointer,3,-432,652,H,0,0,0,17,03:15,47,40,20240426174505,316,"Apr 26, 2024",AS MONACO,FENERBAHCE BEKO ISTANBUL
2023,316,263,MCO,P005985,"JAMES, MIKE",2FGA,Missed Two Pointer,0,-31,188,B,0,0,0,19,01:05,52,44,20240426175030,316,"Apr 26, 2024",AS MONACO,FENERBAHCE BEKO ISTANBUL
2023,316,278,MCO,P005985,"JAMES, MIKE",3FGA,Missed Three Pointer,0,50,740,I,0,0,0,20,00:16,54,47,20240426175424,316,"Apr 26, 2024",AS MONACO,FENERBAHCE BEKO ISTANBUL
2023,316,408,MCO,P005985,"JAMES, MIKE",2FGA,Missed Two Pointer,0,-31,232,D,0,0,0,31,09:46,65,74,20240426183818,316,"Apr 26, 2024",AS MONACO,FENERBAHCE BEKO ISTANBUL
2023,316,457,MCO,P005985,"JAMES, MIKE",2FGA,Missed Two Pointer,0,-357,62,D,0,0,0,34,06:28,74,75,20240426184809,316,"Apr 26, 2024",AS MONACO,FENERBAHCE BEKO ISTANBUL
2023,320,37,MCO,P005985,"JAMES, MIKE",3FGA,Missed Three Pointer,0,37,696,I,0,0,0,4,06:01,10,6,20240501175220,320,"May 01, 2024",FENERBAHCE BEKO ISTANBUL,AS MONACO
2023,320,71,MCO,P005985,"JAMES, MIKE",2FGM,Two Pointer,2,552,31,G,0,0,0,6,04:06,11,10,20240501175857,320,"May 01, 2024",FENERBAHCE BEKO ISTANBUL,AS MONACO
2023,320,77,MCO,P005985,"JAMES, MIKE",2FGM,Two Pointer,2,150,294,E,1,0,0,7,03:35,13,12,20240501175933,320,"May 01, 2024",FENERBAHCE BEKO ISTANBUL,AS MONACO
2023,320,84,MCO,P005985,"JAMES, MIKE",FTM,Free Throw In,1,-1,-1, ,1,0,0,7,03:35,13,13,20240501180012,320,"May 01, 2024",FENERBAHCE BEKO ISTANBUL,AS MONACO
2023,320,101,MCO,P005985,"JAMES, MIKE",2FGM,Two Pointer,2,25,269,E,0,0,0,9,01:40,18,18,20240501180246,320,"May 01, 2024",FENERBAHCE BEKO ISTANBUL,AS MONACO
2023,320,197,MCO,P005985,"JAMES, MIKE",2FGA,Missed Two Pointer,0,0,301,D,0,0,0,15,05:42,29,27,20240501182004,320,"May 01, 2024",FENERBAHCE BEKO ISTANBUL,AS MONACO
2023,320,280,MCO,P005985,"JAMES, MIKE",FTM,Free Throw In,1,-1,-1, ,0,0,0,19,01:06,43,37,20240501183817,320,"May 01, 2024",FENERBAHCE BEKO ISTANBUL,AS MONACO
2023,320,284,MCO,P005985,"JAMES, MIKE",3FGA,Missed Three Pointer,0,119,715,I,0,0,0,20,00:47,43,37,20240501183840,320,"May 01, 2024",FENERBAHCE BEKO ISTANBUL,AS MONACO
2023,320,297,MCO,P005985,"JAMES, MIKE",3FGA,Missed Three Pointer,0,-69,1304,J,0,0,0,20,00:01,47,40,20240501184310,320,"May 01, 2024",FENERBAHCE BEKO ISTANBUL,AS MONACO
2023,320,313,MCO,P005985,"JAMES, MIKE",3FGA,Missed Three Pointer,0,614,313,I,0,0,0,21,09:39,47,40,20240501185915,320,"May 01, 2024",FENERBAHCE BEKO ISTANBUL,AS MONACO
2023,320,364,MCO,P005985,"JAMES, MIKE",3FGM,Three Pointer,3,144,715,I,0,0,0,25,05:57,53,49,20240501190937,320,"May 01, 2024",FENERBAHCE BEKO ISTANBUL,AS MONACO
2023,320,371,MCO,P005985,"JAMES, MIKE",2FGA,Missed Two Pointer,0,150,232,E,0,0,0,25,05:47,53,49,20240501191119,320,"May 01, 2024",FENERBAHCE BEKO ISTANBUL,AS MONACO
2023,320,418,MCO,P005985,"JAMES, MIKE",2FGA,Missed Two Pointer,0,12,181,C,0,0,0,28,03:00,63,56,20240501192053,320,"May 01, 2024",FENERBAHCE BEKO ISTANBUL,AS MONACO
2023,320,558,MCO,P005985,"JAMES, MIKE",2FGA,Missed Two Pointer,0,294,539,G,0,0,0,39,01:32,87,78,20240501195325,320,"May 01, 2024",FENERBAHCE BEKO ISTANBUL,AS MONACO
2023,320,570,MCO,P005985,"JAMES, MIKE",3FGA,Missed Three Pointer,0,439,633,I,0,0,0,40,00:21,89,78,20240501195438,320,"May 01, 2024",FENERBAHCE BEKO ISTANBUL,AS MONACO
2023,324,11,MCO,P005985,"JAMES, MIKE",2FGM,Two Pointer,2,257,370,G,0,1,0,2,08:54,0,4,20240503174750,324,"May 03, 2024",FENERBAHCE BEKO ISTANBUL,AS MONACO
2023,324,24,MCO,P005985,"JAMES, MIKE",3FGA,Missed Three Pointer,0,683,138,I,0,0,0,3,07:22,2,4,20240503174947,324,"May 03, 2024",FENERBAHCE BEKO ISTANBUL,AS MONACO
2023,324,61,MCO,P005985,"JAMES, MIKE",2FGA,Missed Two Pointer,0,-533,-12,F,0,0,0,6,04:33,6,4,20240503175617,324,"May 03, 2024",FENERBAHCE BEKO ISTANBUL,AS MONACO
2023,324,93,MCO,P005985,"JAMES, MIKE",FTM,Free Throw In,1,-1,-1, ,0,0,0,8,02:52,12,5,20240503180217,324,"May 03, 2024",FENERBAHCE BEKO ISTANBUL,AS MONACO
2023,324,121,MCO,P005985,"JAMES, MIKE",2FGM,Two Pointer,2,75,213,C,0,0,0,10,00:58,15,11,20240503180558,324,"May 03, 2024",FENERBAHCE BEKO ISTANBUL,AS MONACO
2023,324,124,MCO,P005985,"JAMES, MIKE",3FGA,Missed Three Pointer,0,62,721,I,0,0,0,10,00:29,15,11,20240503180626,324,"May 03, 2024",FENERBAHCE BEKO ISTANBUL,AS MONACO
2023,324,154,MCO,P005985,"JAMES, MIKE",2FGM,Two Pointer,2,345,382,G,0,0,0,13,07:52,21,15,20240503181558,324,"May 03, 2024",FENERBAHCE BEKO ISTANBUL,AS MONACO
2023,324,188,MCO,P005985,"JAMES, MIKE",3FGA,Missed Three Pointer,0,213,690,I,0,0,0,15,05:09,24,21,20240503182156,324,"May 03, 2024",FENERBAHCE BEKO ISTANBUL,AS MONACO
2023,324,267,MCO,P005985,"JAMES, MIKE",3FGA,Missed Three Pointer,0,12,696,I,0,0,0,20,00:02,33,30,20240503183422,324,"May 03, 2024",FENERBAHCE BEKO ISTANBUL,AS MONACO
2023,324,279,MCO,P005985,"JAMES, MIKE",3FGA,Missed Three Pointer,0,-608,432,H,0,0,0,21,09:34,33,30,20240503185007,324,"May 03, 2024",FENERBAHCE BEKO ISTANBUL,AS MONACO
2023,324,307,MCO,P005985,"JAMES, MIKE",2FGA,Missed Two Pointer,0,163,188,E,0,0,0,24,06:45,39,36,20240503185424,324,"May 03, 2024",FENERBAHCE BEKO ISTANBUL,AS MONACO
2023,324,354,MCO,P005985,"JAMES, MIKE",2FGA,Missed Two Pointer,0,-87,457,F,0,0,0,28,02:40,44,48,20240503190206,324,"May 03, 2024",FENERBAHCE BEKO ISTANBUL,AS MONACO
2023,324,356,MCO,P005985,"JAMES, MIKE",2FGA,Missed Two Pointer,0,87,25,C,0,0,0,28,02:32,44,48,20240503190214,324,"May 03, 2024",FENERBAHCE BEKO ISTANBUL,AS MONACO
2023,324,369,MCO,P005985,"JAMES, MIKE",2FGA,Missed Two Pointer,0,-219,138,D,0,0,0,29,01:31,47,48,20240503190315,324,"May 03, 2024",FENERBAHCE BEKO ISTANBUL,AS MONACO
2023,324,498,MCO,P005985,"JAMES, MIKE",3FGM,Three Pointer,3,138,690,I,0,0,0,40,00:58,57,61,20240503192711,324,"May 03, 2024",FENERBAHCE BEKO ISTANBUL,AS MONACO
2023,328,30,MCO,P005985,"JAMES, MIKE",2FGM,Two Pointer,2,-87,125,B,0,0,0,3,07:29,2,4,20240508170455,328,"May 08, 2024",AS MONACO,FENERBAHCE BEKO ISTANBUL
2023,328,86,MCO,P005985,"JAMES, MIKE",3FGA,Missed Three Pointer,0,-614,464,H,0,0,0,7,03:21,7,8,20240508171505,328,"May 08, 2024",AS MONACO,FENERBAHCE BEKO ISTANBUL
2023,328,190,MCO,P005985,"JAMES, MIKE",FTM,Free Throw In,1,-1,-1, ,0,0,0,15,05:28,29,24,20240508173747,328,"May 08, 2024",AS MONACO,FENERBAHCE BEKO ISTANBUL
2023,328,191,MCO,P005985,"JAMES, MIKE",FTM,Free Throw In,1,-1,-1, ,0,0,0,15,05:28,30,24,20240508173804,328,"May 08, 2024",AS MONACO,FENERBAHCE BEKO ISTANBUL
2023,328,218,MCO,P005985,"JAMES, MIKE",2FGM,Two Pointer,2,0,188,B,0,0,0,17,03:15,32,29,20240508174146,328,"May 08, 2024",AS MONACO,FENERBAHCE BEKO ISTANBUL
2023,328,277,MCO,P005985,"JAMES, MIKE",2FGA,Missed Two Pointer,0,-307,119,D,0,0,0,21,09:28,40,35,20240508180716,328,"May 08, 2024",AS MONACO,FENERBAHCE BEKO ISTANBUL
2023,328,286,MCO,P005985,"JAMES, MIKE",2FGA,Missed Two Pointer,0,-451,18,D,0,0,0,22,08:22,43,38,20240508180844,328,"May 08, 2024",AS MONACO,FENERBAHCE BEKO ISTANBUL
2023,328,335,MCO,P005985,"JAMES, MIKE",3FGM,Three Pointer,3,37,771,I,0,0,0,27,03:55,52,48,20240508181605,328,"May 08, 2024",AS MONACO,FENERBAHCE BEKO ISTANBUL
2023,328,351,MCO,P005985,"JAMES, MIKE",FTM,Free Throw In,1,-1,-1, ,0,0,1,28,02:41,53,48,20240508181913,328,"May 08, 2024",AS MONACO,FENERBAHCE BEKO ISTANBUL
2023,328,352,MCO,P005985,"JAMES, MIKE",FTM,Free Throw In,1,-1,-1, ,0,0,1,28,02:41,54,48,20240508181922,328,"May 08, 2024",AS MONACO,FENERBAHCE BEKO ISTANBUL
2023,328,353,MCO,P005985,"JAMES, MIKE",FTM,Free Throw In,1,-1,-1, ,0,0,1,28,02:41,55,48,20240508181936,328,"May 08, 2024",AS MONACO,FENERBAHCE BEKO ISTANBUL
2023,328,363,MCO,P005985,"JAMES, MIKE",3FGA,Missed Three Pointer,0,-401,627,H,0,0,0,29,01:54,55,48,20240508182118,328,"May 08, 2024",AS MONACO,FENERBAHCE BEKO ISTANBUL
2023,328,377,MCO,P005985,"JAMES, MIKE",2FGA,Missed Two Pointer,0,-301,420,F,0,0,0,30,00:33,55,53,20240508182443,328,"May 08, 2024",AS MONACO,FENERBAHCE BEKO ISTANBUL
2023,328,509,MCO,P005985,"JAMES, MIKE",3FGM,Three Pointer,3,-156,765,H,0,0,1,39,01:52,66,67,20240508190239,328,"May 08, 2024",AS MONACO,FENERBAHCE BEKO ISTANBUL
2023,328,534,MCO,P005985,"JAMES, MIKE",3FGM,Three Pointer,3,-169,765,H,0,1,0,41,04:26,73,70,20240508191112,328,"May 08, 2024",AS MONACO,FENERBAHCE BEKO ISTANBUL
2023,328,560,MCO,P005985,"JAMES, MIKE",2FGA,Missed Two Pointer,0,-269,420,F,0,0,0,44,01:50,75,74,20240508191659,328,"May 08, 2024",AS MONACO,FENERBAHCE BEKO ISTANBUL
2023,328,573,MCO,P005985,"JAMES, MIKE",2FGM,Two Pointer,2,-69,188,B,0,0,0,45,00:37,79,77,20240508192200,328,"May 08, 2024",AS MONACO,FENERBAHCE BEKO ISTANBUL
